mode,dir,arm,offset,size,depth,workers,alignment,page_offset,kc,ops_per_rep,io_ns_median,io_ns_mad,wall_ns_per_op,minflt_io_median,instructions_per_op,cycles_per_op,thread_op_ns_median
ladder,read,a0,0,4096,1,1,16,16,16,16,22917.0,77.5,1432.3125,0.0,2384.2946428571427,1822.1160714285713,
ladder,read,a0,0,4096,2,1,16,16,16,16,22746.5,63.5,1421.65625,0.0,2384.375,-79.22321428571429,
ladder,read,a0,0,4096,4,1,16,16,16,16,22771.5,60.0,1423.21875,0.0,2383.1785714285716,977.375,
ladder,read,a0,0,4096,8,1,16,16,16,16,22817.0,81.5,1426.0625,0.0,2383.464285714286,1012.7678571428571,
ladder,read,a0,0,4096,16,1,16,16,16,16,22877.5,61.5,1429.84375,0.0,2382.160714285714,-736.0625,
ladder,read,a0,0,4096,32,1,16,16,16,16,22720.5,49.0,1420.03125,0.0,2383.285714285714,641.1607142857143,
ladder,read,a0,0,8192,1,1,16,16,16,16,35004.0,106.0,2187.75,0.0,4277.571428571428,2219.9821428571427,
ladder,read,a0,0,8192,2,1,16,16,16,16,35055.5,99.5,2190.96875,0.0,4277.651785714285,507.92857142857144,
ladder,read,a0,0,8192,4,1,16,16,16,16,36844.0,125.0,2302.75,0.0,4277.232142857143,794.4732142857143,
ladder,read,a0,0,8192,8,1,16,16,16,16,35028.0,238.0,2189.25,0.0,4278.375,1164.0982142857142,
ladder,read,a0,0,8192,16,1,16,16,16,16,35168.5,172.5,2198.03125,0.0,4276.919642857143,974.7053571428571,
ladder,read,a0,0,8192,32,1,16,16,16,16,34933.0,174.5,2183.3125,0.0,4278.3125,1955.4910714285713,
ladder,read,a0,0,16384,1,1,16,16,16,16,58020.0,255.0,3626.25,0.0,8062.767857142857,1402.6875,
ladder,read,a0,0,16384,2,1,16,16,16,16,58237.5,390.5,3639.84375,0.0,8063.0625,2977.285714285714,
ladder,read,a0,0,16384,4,1,16,16,16,16,57427.0,138.5,3589.1875,0.0,8063.125,2201.4464285714284,
ladder,read,a0,0,16384,8,1,16,16,16,16,46422.5,297.5,2901.40625,0.0,8062.8125,1172.107142857143,
ladder,read,a0,0,16384,16,1,16,16,16,16,57851.5,168.0,3615.71875,0.0,8064.973214285715,4949.25,
ladder,read,a0,0,16384,32,1,16,16,16,16,58039.5,170.5,3627.46875,0.0,8066.428571428572,2570.8839285714284,
ladder,read,a0,0,65536,1,1,16,16,16,16,190237.5,1499.5,11889.84375,0.0,30780.20535714286,9393.86607142857,
ladder,read,a0,0,65536,2,1,16,16,16,16,191834.5,6828.0,11989.65625,0.0,30780.35714285714,9242.19642857143,
ladder,read,a0,0,65536,4,1,16,16,16,16,192088.5,1334.0,12005.53125,0.0,30781.5,9763.160714285714,
ladder,read,a0,0,65536,8,1,16,16,16,16,154439.5,536.5,9652.46875,0.0,30780.196428571428,7917.8125,
ladder,read,a0,0,65536,16,1,16,16,16,16,190652.0,1032.0,11915.75,0.0,30783.491071428572,9109.3125,
ladder,read,a0,0,65536,32,1,16,16,16,16,185063.0,3612.0,11566.4375,0.0,30783.839285714286,9596.901785714286,
ladder,read,a0,0,1048576,1,1,16,16,16,16,2742592.0,23794.0,171412.0,0.0,485103.5,178246.1607142857,
ladder,read,a0,0,1048576,2,1,16,16,16,16,2829087.5,37295.0,176817.96875,0.0,485102.97321428574,189496.95535714287,
ladder,read,a0,0,1048576,4,1,16,16,16,16,3054616.0,49488.5,190913.5,0.0,485103.3125,210129.55357142858,
ladder,read,a0,0,1048576,8,1,16,16,16,16,2568061.5,165813.5,160503.84375,0.0,485102.45535714284,179139.4375,
ladder,read,a0,0,1048576,16,1,16,16,16,16,3010154.5,32550.5,188134.65625,0.0,485101.66071428574,212024.63392857142,
ladder,read,a0,0,1048576,32,1,16,16,16,16,2737855.0,94675.0,171115.9375,0.0,485101.5,229809.05357142858,
ladder,read,a1,0,4096,1,1,64,0,16,16,20844.5,100.0,1302.78125,0.0,2381.6071428571427,691.7678571428571,
ladder,read,a1,0,4096,2,1,64,0,16,16,20858.0,117.5,1303.625,0.0,2381.5803571428573,1122.419642857143,
ladder,read,a1,0,4096,4,1,64,0,16,16,19990.0,47.5,1249.375,0.0,2382.0089285714284,282.625,
ladder,read,a1,0,4096,8,1,64,0,16,16,19996.0,35.5,1249.75,0.0,2382.1160714285716,474.38392857142856,
ladder,read,a1,0,4096,16,1,64,0,16,16,19952.0,148.0,1247.0,0.0,2382.9196428571427,589.1160714285714,
ladder,read,a1,0,4096,32,1,64,0,16,16,19917.5,41.5,1244.84375,0.0,2382.0803571428573,-275.66964285714283,
ladder,read,a1,0,8192,1,1,64,0,16,16,27059.5,116.0,1691.21875,0.0,4275.589285714285,868.5267857142857,
ladder,read,a1,0,8192,2,1,64,0,16,16,27148.0,54.0,1696.75,0.0,4276.723214285715,795.5892857142857,
ladder,read,a1,0,8192,4,1,64,0,16,16,25985.5,36.5,1624.09375,0.0,4275.785714285715,1000.1160714285714,
ladder,read,a1,0,8192,8,1,64,0,16,16,26261.5,69.5,1641.34375,0.0,4276.205357142857,1558.0,
ladder,read,a1,0,8192,16,1,64,0,16,16,27602.0,85.0,1725.125,0.0,4277.803571428572,1026.7410714285713,
ladder,read,a1,0,8192,32,1,64,0,16,16,25963.5,94.5,1622.71875,0.0,4277.473214285715,1001.8482142857143,
ladder,read,a1,0,16384,1,1,64,0,16,16,46611.5,130.0,2913.21875,0.0,8063.758928571428,2617.1339285714284,
ladder,read,a1,0,16384,2,1,64,0,16,16,47459.0,256.5,2966.1875,0.0,8062.875,930.0803571428571,
ladder,read,a1,0,16384,4,1,64,0,16,16,38078.5,199.0,2379.90625,0.0,8063.241071428572,5164.910714285715,
ladder,read,a1,0,16384,8,1,64,0,16,16,47578.0,166.5,2973.625,0.0,8063.125,4357.607142857143,
ladder,read,a1,0,16384,16,1,64,0,16,16,47184.5,210.0,2949.03125,0.0,8065.535714285715,2950.3125,
ladder,read,a1,0,16384,32,1,64,0,16,16,48208.5,653.0,3013.03125,0.0,8063.973214285715,3340.7410714285716,
ladder,read,a1,0,65536,1,1,64,0,16,16,151747.5,253.0,9484.21875,0.0,30778.285714285714,9681.982142857143,
ladder,read,a1,0,65536,2,1,64,0,16,16,132103.0,400.0,8256.4375,0.0,30779.473214285714,10704.75,
ladder,read,a1,0,65536,4,1,64,0,16,16,160644.0,369.0,10040.25,0.0,30779.33035714286,9962.660714285714,
ladder,read,a1,0,65536,8,1,64,0,16,16,154177.5,2697.5,9636.09375,0.0,30779.10714285714,9963.642857142857,
ladder,read,a1,0,65536,16,1,64,0,16,16,149558.5,227.5,9347.40625,0.0,30782.678571428572,7010.446428571428,
ladder,read,a1,0,65536,32,1,64,0,16,16,150906.5,381.5,9431.65625,0.0,30781.839285714286,9928.848214285714,
ladder,read,a1,0,1048576,1,1,64,0,16,16,2606127.5,45372.5,162882.96875,0.0,485101.64285714284,192254.41964285713,
ladder,read,a1,0,1048576,2,1,64,0,16,16,2733342.0,41981.0,170833.875,0.0,485100.3035714286,204215.35714285713,
ladder,read,a1,0,1048576,4,1,64,0,16,16,2685851.5,50466.0,167865.71875,0.0,485102.35714285716,175427.75892857142,
ladder,read,a1,0,1048576,8,1,64,0,16,16,2502389.5,39378.0,156399.34375,0.0,485103.0,179438.4017857143,
ladder,read,a1,0,1048576,16,1,64,0,16,16,2680031.0,143032.0,167501.9375,0.0,485100.78571428574,202867.75,
ladder,read,a1,0,1048576,32,1,64,0,16,16,2466411.0,54009.0,154150.6875,0.0,485101.77678571426,189024.99107142858,
ladder,read,a2,0,4096,1,1,128,0,16,16,19948.5,35.0,1246.78125,0.0,2382.2946428571427,942.7589285714286,
ladder,read,a2,0,4096,2,1,128,0,16,16,19869.5,44.5,1241.84375,0.0,2383.223214285714,1724.75,
ladder,read,a2,0,4096,4,1,128,0,16,16,16004.5,34.0,1000.28125,0.0,2381.348214285714,2841.223214285714,
ladder,read,a2,0,4096,8,1,128,0,16,16,20044.0,42.5,1252.75,0.0,2382.9821428571427,514.7321428571429,
ladder,read,a2,0,4096,16,1,128,0,16,16,19780.0,29.5,1236.25,0.0,2382.5625,1038.4017857142858,
ladder,read,a2,0,4096,32,1,128,0,16,16,20924.0,32.0,1307.75,0.0,2382.535714285714,854.8660714285714,
ladder,read,a2,0,8192,1,1,128,0,16,16,20667.5,68.0,1291.71875,0.0,4277.205357142857,1837.232142857143,
ladder,read,a2,0,8192,2,1,128,0,16,16,25903.5,38.0,1618.96875,0.0,4276.580357142857,1122.9910714285713,
ladder,read,a2,0,8192,4,1,128,0,16,16,26018.0,95.0,1626.125,0.0,4276.276785714285,1170.107142857143,
ladder,read,a2,0,8192,8,1,128,0,16,16,26006.5,63.0,1625.40625,0.0,4277.1875,1581.419642857143,
ladder,read,a2,0,8192,16,1,128,0,16,16,27280.5,173.0,1705.03125,0.0,4277.178571428572,983.9821428571429,
ladder,read,a2,0,8192,32,1,128,0,16,16,26138.5,88.5,1633.65625,0.0,4276.392857142857,1893.9107142857142,
ladder,read,a2,0,16384,1,1,128,0,16,16,47127.5,251.5,2945.46875,0.0,8061.178571428572,2868.0178571428573,
ladder,read,a2,0,16384,2,1,128,0,16,16,47111.0,145.0,2944.4375,0.0,8061.964285714285,2135.285714285714,
ladder,read,a2,0,16384,4,1,128,0,16,16,47608.5,395.0,2975.53125,0.0,8061.857142857143,4367.651785714285,
ladder,read,a2,0,16384,8,1,128,0,16,16,47962.0,541.0,2997.625,0.0,8060.991071428572,2745.5714285714284,
ladder,read,a2,0,16384,16,1,128,0,16,16,47875.0,1075.5,2992.1875,0.0,8063.464285714285,3039.214285714286,
ladder,read,a2,0,16384,32,1,128,0,16,16,47052.5,247.0,2940.78125,0.0,8064.75,3189.964285714286,
ladder,read,a2,0,65536,1,1,128,0,16,16,149272.5,334.0,9329.53125,0.0,30778.508928571428,8281.42857142857,
ladder,read,a2,0,65536,2,1,128,0,16,16,152905.5,405.0,9556.59375,0.0,30779.95535714286,7468.946428571428,
ladder,read,a2,0,65536,4,1,128,0,16,16,149709.0,201.5,9356.8125,0.0,30779.633928571428,8266.5,
ladder,read,a2,0,65536,8,1,128,0,16,16,147977.5,320.0,9248.59375,0.0,30780.383928571428,9125.13392857143,
ladder,read,a2,0,65536,16,1,128,0,16,16,152319.5,940.0,9519.96875,0.0,30781.0625,9583.589285714286,
ladder,read,a2,0,65536,32,1,128,0,16,16,152078.0,372.5,9504.875,0.0,30781.464285714286,10162.375,
ladder,read,a2,0,1048576,1,1,128,0,16,16,2702348.5,75902.0,168896.78125,0.0,485102.75,200508.26785714287,
ladder,read,a2,0,1048576,2,1,128,0,16,16,2745548.0,51315.0,171596.75,0.0,485101.03571428574,201561.16964285713,
ladder,read,a2,0,1048576,4,1,128,0,16,16,2845883.5,54191.5,177867.71875,0.0,485102.4285714286,211811.89285714287,
ladder,read,a2,0,1048576,8,1,128,0,16,16,2594428.5,32989.0,162151.78125,0.0,485101.39285714284,191886.61607142858,
ladder,read,a2,0,1048576,16,1,128,0,16,16,2694946.5,33983.0,168434.15625,0.0,485101.9375,190579.0267857143,
ladder,read,a2,0,1048576,32,1,128,0,16,16,2447685.5,100410.5,152980.34375,0.0,485101.41964285716,188128.67857142858,
ladder,read,a3,0,4096,1,1,256,0,16,16,20039.5,38.5,1252.46875,0.0,2383.375,556.0267857142857,
ladder,read,a3,0,4096,2,1,256,0,16,16,20031.0,38.0,1251.9375,0.0,2382.589285714286,477.6517857142857,
ladder,read,a3,0,4096,4,1,256,0,16,16,19956.5,60.5,1247.28125,0.0,2382.973214285714,1951.205357142857,
ladder,read,a3,0,4096,8,1,256,0,16,16,20054.0,73.0,1253.375,0.0,2383.5089285714284,-2081.5535714285716,
ladder,read,a3,0,4096,16,1,256,0,16,16,19968.5,18.0,1248.03125,0.0,2383.0178571428573,1376.7410714285713,
ladder,read,a3,0,4096,32,1,256,0,16,16,20725.5,46.5,1295.34375,0.0,2382.1785714285716,1133.7767857142858,
ladder,read,a3,0,8192,1,1,256,0,16,16,26010.0,52.0,1625.625,0.0,4277.357142857143,2908.598214285714,
ladder,read,a3,0,8192,2,1,256,0,16,16,25979.0,29.0,1623.6875,0.0,4276.830357142857,1060.625,
ladder,read,a3,0,8192,4,1,256,0,16,16,25930.0,71.5,1620.625,0.0,4276.732142857143,1996.205357142857,
ladder,read,a3,0,8192,8,1,256,0,16,16,26175.0,94.5,1635.9375,0.0,4276.973214285715,201.22321428571428,
ladder,read,a3,0,8192,16,1,256,0,16,16,26349.0,147.0,1646.8125,0.0,4276.919642857143,2679.625,
ladder,read,a3,0,8192,32,1,256,0,16,16,25953.0,95.0,1622.0625,0.0,4277.276785714285,940.8928571428571,
ladder,read,a3,0,16384,1,1,256,0,16,16,47205.0,209.0,2950.3125,0.0,8061.508928571428,2961.7589285714284,
ladder,read,a3,0,16384,2,1,256,0,16,16,47053.5,222.5,2940.84375,0.0,8061.660714285715,2505.5178571428573,
ladder,read,a3,0,16384,4,1,256,0,16,16,49744.5,419.5,3109.03125,0.0,8061.205357142857,2174.75,
ladder,read,a3,0,16384,8,1,256,0,16,16,39467.0,899.5,2466.6875,0.0,8060.973214285715,2283.3571428571427,
ladder,read,a3,0,16384,16,1,256,0,16,16,46986.5,137.5,2936.65625,0.0,8064.544642857143,2255.6428571428573,
ladder,read,a3,0,16384,32,1,256,0,16,16,46703.0,292.0,2918.9375,0.0,8064.633928571428,925.1964285714286,
ladder,read,a3,0,65536,1,1,256,0,16,16,153634.5,219.5,9602.15625,0.0,30779.58035714286,9696.964285714286,
ladder,read,a3,0,65536,2,1,256,0,16,16,149742.5,863.5,9358.90625,0.0,30780.089285714286,7342.767857142857,
ladder,read,a3,0,65536,4,1,256,0,16,16,149582.0,107.5,9348.875,0.0,30779.9375,7512.696428571428,
ladder,read,a3,0,65536,8,1,256,0,16,16,155336.0,5008.5,9708.5,0.0,30779.366071428572,7104.035714285715,
ladder,read,a3,0,65536,16,1,256,0,16,16,148734.0,298.0,9295.875,0.0,30782.303571428572,7096.0,
ladder,read,a3,0,65536,32,1,256,0,16,16,125814.0,317.0,7863.375,0.0,30782.48214285714,11318.910714285714,
ladder,read,a3,0,1048576,1,1,256,0,16,16,2892450.5,62308.0,180778.15625,0.0,485102.2410714286,216340.4017857143,
ladder,read,a3,0,1048576,2,1,256,0,16,16,2885871.5,51937.5,180366.96875,0.0,485101.66964285716,210614.66964285713,
ladder,read,a3,0,1048576,4,1,256,0,16,16,2715272.5,53578.5,169704.53125,0.0,485102.4910714286,186602.2142857143,
ladder,read,a3,0,1048576,8,1,256,0,16,16,2565669.0,39989.0,160354.3125,0.0,485102.33035714284,184656.0267857143,
ladder,read,a3,0,1048576,16,1,256,0,16,16,2966704.0,46556.5,185419.0,0.0,485101.375,218703.0357142857,
ladder,read,a3,0,1048576,32,1,256,0,16,16,2446961.5,36780.5,152935.09375,0.0,485101.75,177679.95535714287,
ladder,read,a4,0,4096,1,1,512,0,16,16,20889.5,75.5,1305.59375,0.0,2381.276785714286,555.0714285714286,
ladder,read,a4,0,4096,2,1,512,0,16,16,20040.0,41.0,1252.5,0.0,2383.2053571428573,403.29464285714283,
ladder,read,a4,0,4096,4,1,512,0,16,16,19981.5,42.5,1248.84375,0.0,2382.223214285714,372.88392857142856,
ladder,read,a4,0,4096,8,1,512,0,16,16,20055.5,30.0,1253.46875,0.0,2382.910714285714,1116.0714285714287,
ladder,read,a4,0,4096,16,1,512,0,16,16,19936.5,36.5,1246.03125,0.0,2382.848214285714,-236.17857142857142,
ladder,read,a4,0,4096,32,1,512,0,16,16,20787.0,14.0,1299.1875,0.0,2383.2946428571427,3767.5,
ladder,read,a4,0,8192,1,1,512,0,16,16,26241.0,131.0,1640.0625,0.0,4275.973214285715,1073.455357142857,
ladder,read,a4,0,8192,2,1,512,0,16,16,25902.5,119.0,1618.90625,0.0,4276.75,2329.776785714286,
ladder,read,a4,0,8192,4,1,512,0,16,16,20707.0,54.0,1294.1875,0.0,4277.4375,2441.25,
ladder,read,a4,0,8192,8,1,512,0,16,16,26194.0,75.0,1637.125,0.0,4277.178571428572,695.7767857142857,
ladder,read,a4,0,8192,16,1,512,0,16,16,27095.5,739.0,1693.46875,0.0,4276.017857142857,891.9821428571429,
ladder,read,a4,0,8192,32,1,512,0,16,16,25981.5,52.5,1623.84375,0.0,4276.580357142857,2423.8660714285716,
ladder,read,a4,0,16384,1,1,512,0,16,16,46789.5,272.0,2924.34375,0.0,8060.946428571428,1077.455357142857,
ladder,read,a4,0,16384,2,1,512,0,16,16,49380.0,575.5,3086.25,0.0,8060.696428571428,2545.4910714285716,
ladder,read,a4,0,16384,4,1,512,0,16,16,47537.5,295.0,2971.09375,0.0,8062.6875,3009.8214285714284,
ladder,read,a4,0,16384,8,1,512,0,16,16,47405.5,499.5,2962.84375,0.0,8061.866071428572,1528.2232142857142,
ladder,read,a4,0,16384,16,1,512,0,16,16,48319.5,258.0,3019.96875,0.0,8064.821428571428,862.1607142857143,
ladder,read,a4,0,16384,32,1,512,0,16,16,46920.5,163.0,2932.53125,0.0,8064.285714285715,3301.9464285714284,
ladder,read,a4,0,65536,1,1,512,0,16,16,152580.0,7149.0,9536.25,0.0,30779.178571428572,9477.6875,
ladder,read,a4,0,65536,2,1,512,0,16,16,152402.0,426.0,9525.125,0.0,30779.535714285714,9816.86607142857,
ladder,read,a4,0,65536,4,1,512,0,16,16,151864.0,590.5,9491.5,0.0,30779.535714285714,9249.482142857143,
ladder,read,a4,0,65536,8,1,512,0,16,16,151948.0,465.0,9496.75,0.0,30779.0625,6313.267857142857,
ladder,read,a4,0,65536,16,1,512,0,16,16,150405.5,286.0,9400.34375,0.0,30781.16964285714,9099.6875,
ladder,read,a4,0,65536,32,1,512,0,16,16,155240.5,816.5,9702.53125,0.0,30781.4375,8809.098214285714,
ladder,read,a4,0,1048576,1,1,512,0,16,16,2912555.0,28880.0,182034.6875,0.0,485101.78571428574,209438.4375,
ladder,read,a4,0,1048576,2,1,512,0,16,16,2763363.5,30433.5,172710.21875,0.0,485101.5714285714,198568.13392857142,
ladder,read,a4,0,1048576,4,1,512,0,16,16,2892587.0,79839.5,180786.6875,0.0,485101.5625,219135.17857142858,
ladder,read,a4,0,1048576,8,1,512,0,16,16,2359916.0,112066.5,147494.75,0.0,485101.79464285716,186625.14285714287,
ladder,read,a4,0,1048576,16,1,512,0,16,16,2866579.0,67915.5,179161.1875,0.0,485101.9464285714,204275.26785714287,
ladder,read,a4,0,1048576,32,1,512,0,16,16,2439365.5,81371.0,152460.34375,0.0,485100.53571428574,207315.73214285713,
ladder,read,a5,0,4096,1,1,1024,0,16,16,15950.5,19.5,996.90625,0.0,2382.8839285714284,3372.875,
ladder,read,a5,0,4096,2,1,1024,0,16,16,19874.0,55.5,1242.125,0.0,2382.651785714286,567.2589285714286,
ladder,read,a5,0,4096,4,1,1024,0,16,16,20924.5,50.5,1307.78125,0.0,2381.339285714286,915.4910714285714,
ladder,read,a5,0,4096,8,1,1024,0,16,16,19987.5,39.5,1249.21875,0.0,2382.7589285714284,80.875,
ladder,read,a5,0,4096,16,1,1024,0,16,16,16022.0,22.0,1001.375,0.0,2382.75,2267.9375,
ladder,read,a5,0,4096,32,1,1024,0,16,16,19832.5,25.0,1239.53125,0.0,2382.3035714285716,338.74107142857144,
ladder,read,a5,0,8192,1,1,1024,0,16,16,25980.5,38.5,1623.78125,0.0,4276.169642857143,1622.8125,
ladder,read,a5,0,8192,2,1,1024,0,16,16,25861.5,34.5,1616.34375,0.0,4276.616071428572,1003.0714285714286,
ladder,read,a5,0,8192,4,1,1024,0,16,16,27094.0,65.5,1693.375,0.0,4276.508928571428,1978.767857142857,
ladder,read,a5,0,8192,8,1,1024,0,16,16,25976.0,70.5,1623.5,0.0,4277.25,1030.419642857143,
ladder,read,a5,0,8192,16,1,1024,0,16,16,26191.0,56.5,1636.9375,0.0,4276.785714285715,1725.5535714285713,
ladder,read,a5,0,8192,32,1,1024,0,16,16,26177.0,71.0,1636.0625,0.0,4276.098214285715,949.0089285714286,
ladder,read,a5,0,16384,1,1,1024,0,16,16,47377.5,325.0,2961.09375,0.0,8061.5,2923.848214285714,
ladder,read,a5,0,16384,2,1,1024,0,16,16,46982.0,193.5,2936.375,0.0,8061.383928571428,3135.276785714286,
ladder,read,a5,0,16384,4,1,1024,0,16,16,47655.0,130.0,2978.4375,0.0,8062.410714285715,2576.651785714286,
ladder,read,a5,0,16384,8,1,1024,0,16,16,46983.5,207.5,2936.46875,0.0,8062.875,2108.714285714286,
ladder,read,a5,0,16384,16,1,1024,0,16,16,47591.5,389.5,2974.46875,0.0,8065.5,456.88392857142856,
ladder,read,a5,0,16384,32,1,1024,0,16,16,37733.5,223.0,2358.34375,0.0,8065.75,2481.098214285714,
ladder,read,a5,0,65536,1,1,1024,0,16,16,153183.5,300.5,9573.96875,0.0,30779.883928571428,9972.839285714286,
ladder,read,a5,0,65536,2,1,1024,0,16,16,156294.5,318.0,9768.40625,0.0,30780.25,9897.267857142857,
ladder,read,a5,0,65536,4,1,1024,0,16,16,152509.0,486.5,9531.8125,0.0,30781.339285714286,11696.5,
ladder,read,a5,0,65536,8,1,1024,0,16,16,152545.0,3282.0,9534.0625,0.0,30780.053571428572,8902.330357142857,
ladder,read,a5,0,65536,16,1,1024,0,16,16,151001.5,421.0,9437.59375,0.0,30781.51785714286,9546.92857142857,
ladder,read,a5,0,65536,32,1,1024,0,16,16,150661.5,4740.5,9416.34375,0.0,30781.3125,6852.910714285715,
ladder,read,a5,0,1048576,1,1,1024,0,16,16,2916609.0,7822.5,182288.0625,0.0,485102.91964285716,234174.94642857142,
ladder,read,a5,0,1048576,2,1,1024,0,16,16,2972834.5,74430.5,185802.15625,0.0,485101.4464285714,203000.75892857142,
ladder,read,a5,0,1048576,4,1,1024,0,16,16,2630830.0,40283.5,164426.875,0.0,485103.14285714284,130594.71428571429,
ladder,read,a5,0,1048576,8,1,1024,0,16,16,2662006.0,58434.5,166375.375,0.0,485102.89285714284,196180.32142857142,
ladder,read,a5,0,1048576,16,1,1024,0,16,16,2910807.0,99368.0,181925.4375,0.0,485101.29464285716,200635.61607142858,
ladder,read,a5,0,1048576,32,1,1024,0,16,16,2439271.0,91725.0,152454.4375,0.0,485101.27678571426,190845.0357142857,
ladder,read,a6,0,4096,1,1,2048,0,16,16,19981.0,59.0,1248.8125,0.0,2382.4553571428573,1143.625,
ladder,read,a6,0,4096,2,1,2048,0,16,16,15832.0,27.5,989.5,0.0,2383.2678571428573,806.1607142857143,
ladder,read,a6,0,4096,4,1,2048,0,16,16,19996.5,28.0,1249.78125,0.0,2383.2589285714284,1400.2410714285713,
ladder,read,a6,0,4096,8,1,2048,0,16,16,16091.5,52.5,1005.71875,0.0,2383.4285714285716,1733.357142857143,
ladder,read,a6,0,4096,16,1,2048,0,16,16,20741.0,38.0,1296.3125,0.0,2382.660714285714,638.6160714285714,
ladder,read,a6,0,4096,32,1,2048,0,16,16,19893.0,36.0,1243.3125,0.0,2382.4285714285716,1031.4107142857142,
ladder,read,a6,0,8192,1,1,2048,0,16,16,27184.0,138.0,1699.0,0.0,4275.803571428572,1106.9464285714287,
ladder,read,a6,0,8192,2,1,2048,0,16,16,26059.5,122.5,1628.71875,0.0,4276.705357142857,378.80357142857144,
ladder,read,a6,0,8192,4,1,2048,0,16,16,26790.0,606.5,1674.375,0.0,4275.839285714285,2126.8214285714284,
ladder,read,a6,0,8192,8,1,2048,0,16,16,26095.0,50.0,1630.9375,0.0,4276.223214285715,870.8392857142857,
ladder,read,a6,0,8192,16,1,2048,0,16,16,26070.0,110.5,1629.375,0.0,4276.705357142857,1686.2857142857142,
ladder,read,a6,0,8192,32,1,2048,0,16,16,26110.0,38.5,1631.875,0.0,4276.375,2045.857142857143,
ladder,read,a6,0,16384,1,1,2048,0,16,16,38191.5,251.5,2386.96875,0.0,8061.839285714285,3825.5535714285716,
ladder,read,a6,0,16384,2,1,2048,0,16,16,49061.0,174.5,3066.3125,0.0,8062.803571428572,2638.7321428571427,
ladder,read,a6,0,16384,4,1,2048,0,16,16,47792.0,486.5,2987.0,0.0,8060.366071428572,3712.0,
ladder,read,a6,0,16384,8,1,2048,0,16,16,47999.5,316.5,2999.96875,0.0,8061.303571428572,2137.0714285714284,
ladder,read,a6,0,16384,16,1,2048,0,16,16,38571.5,365.5,2410.71875,0.0,8064.785714285715,3534.4553571428573,
ladder,read,a6,0,16384,32,1,2048,0,16,16,47333.0,248.5,2958.3125,0.0,8064.910714285715,328.35714285714283,
ladder,read,a6,0,65536,1,1,2048,0,16,16,151667.5,2711.0,9479.21875,0.0,30779.491071428572,9655.419642857143,
ladder,read,a6,0,65536,2,1,2048,0,16,16,153192.5,532.5,9574.53125,0.0,30779.723214285714,8848.660714285714,
ladder,read,a6,0,65536,4,1,2048,0,16,16,126342.5,431.5,7896.40625,0.0,30781.053571428572,10931.86607142857,
ladder,read,a6,0,65536,8,1,2048,0,16,16,151560.0,799.5,9472.5,0.0,30779.071428571428,9425.232142857143,
ladder,read,a6,0,65536,16,1,2048,0,16,16,139965.5,342.5,8747.84375,0.0,30783.491071428572,10758.55357142857,
ladder,read,a6,0,65536,32,1,2048,0,16,16,153609.0,427.0,9600.5625,0.0,30782.848214285714,11532.86607142857,
ladder,read,a6,0,1048576,1,1,2048,0,16,16,2799964.5,5223.0,174997.78125,0.0,485102.6339285714,202784.7142857143,
ladder,read,a6,0,1048576,2,1,2048,0,16,16,2873106.5,68195.0,179569.15625,0.0,485102.625,214798.6517857143,
ladder,read,a6,0,1048576,4,1,2048,0,16,16,2794090.0,36895.0,174630.625,0.0,485102.4464285714,217752.1875,
ladder,read,a6,0,1048576,8,1,2048,0,16,16,2660557.5,95707.0,166284.84375,0.0,485102.3660714286,221287.88392857142,
ladder,read,a6,0,1048576,16,1,2048,0,16,16,2913257.5,8124.5,182078.59375,0.0,485101.79464285716,217361.0267857143,
ladder,read,a6,0,1048576,32,1,2048,0,16,16,2578113.5,41373.0,161132.09375,0.0,485102.02678571426,189423.94642857142,
ladder,read,a7,0,4096,1,1,4096,0,16,16,19956.0,39.0,1247.25,0.0,2383.410714285714,1434.205357142857,
ladder,read,a7,0,4096,2,1,4096,0,16,16,20080.5,29.5,1255.03125,0.0,2382.6428571428573,889.4107142857143,
ladder,read,a7,0,4096,4,1,4096,0,16,16,19983.5,52.0,1248.96875,0.0,2383.2410714285716,385.57142857142856,
ladder,read,a7,0,4096,8,1,4096,0,16,16,19788.0,56.5,1236.75,0.0,2382.5803571428573,1155.875,
ladder,read,a7,0,4096,16,1,4096,0,16,16,20058.5,13.5,1253.65625,0.0,2383.089285714286,2052.2321428571427,
ladder,read,a7,0,4096,32,1,4096,0,16,16,19896.0,39.5,1243.5,0.0,2382.5535714285716,606.3482142857143,
ladder,read,a7,0,8192,1,1,4096,0,16,16,25880.0,73.0,1617.5,0.0,4276.732142857143,802.6607142857143,
ladder,read,a7,0,8192,2,1,4096,0,16,16,27176.0,124.5,1698.5,0.0,4277.008928571428,2550.625,
ladder,read,a7,0,8192,4,1,4096,0,16,16,26038.0,47.5,1627.375,0.0,4276.758928571428,2195.6785714285716,
ladder,read,a7,0,8192,8,1,4096,0,16,16,26091.5,69.0,1630.71875,0.0,4277.026785714285,195.46428571428572,
ladder,read,a7,0,8192,16,1,4096,0,16,16,26050.0,116.0,1628.125,0.0,4275.991071428572,860.3660714285714,
ladder,read,a7,0,8192,32,1,4096,0,16,16,25851.0,70.5,1615.6875,0.0,4276.8125,1222.2589285714287,
ladder,read,a7,0,16384,1,1,4096,0,16,16,47030.5,201.5,2939.40625,0.0,8062.116071428572,973.9285714285714,
ladder,read,a7,0,16384,2,1,4096,0,16,16,46696.0,219.5,2918.5,0.0,8061.196428571428,2307.6696428571427,
ladder,read,a7,0,16384,4,1,4096,0,16,16,47612.5,265.5,2975.78125,0.0,8062.857142857143,2032.3482142857142,
ladder,read,a7,0,16384,8,1,4096,0,16,16,47998.5,480.5,2999.90625,0.0,8061.991071428572,3520.1875,
ladder,read,a7,0,16384,16,1,4096,0,16,16,47458.5,273.5,2966.15625,0.0,8065.133928571428,654.6517857142857,
ladder,read,a7,0,16384,32,1,4096,0,16,16,46863.5,243.0,2928.96875,0.0,8064.642857142857,2536.401785714286,
ladder,read,a7,0,65536,1,1,4096,0,16,16,149784.0,2025.0,9361.5,0.0,30779.625,8287.223214285714,
ladder,read,a7,0,65536,2,1,4096,0,16,16,150947.0,408.0,9434.1875,0.0,30779.848214285714,9413.098214285714,
ladder,read,a7,0,65536,4,1,4096,0,16,16,152183.0,528.5,9511.4375,0.0,30779.848214285714,7685.392857142857,
ladder,read,a7,0,65536,8,1,4096,0,16,16,157901.0,341.5,9868.8125,0.0,30779.45535714286,8864.098214285714,
ladder,read,a7,0,65536,16,1,4096,0,16,16,154626.0,2448.0,9664.125,0.0,30782.125,10025.6875,
ladder,read,a7,0,65536,32,1,4096,0,16,16,151905.5,331.0,9494.09375,0.0,30782.741071428572,9687.63392857143,
ladder,read,a7,0,1048576,1,1,4096,0,16,16,2906459.5,6676.0,181653.71875,0.0,485102.58928571426,197009.5357142857,
ladder,read,a7,0,1048576,2,1,4096,0,16,16,2926426.0,27697.0,182901.625,0.0,485102.29464285716,205321.82142857142,
ladder,read,a7,0,1048576,4,1,4096,0,16,16,2750659.5,56255.0,171916.21875,0.0,485102.1875,179738.88392857142,
ladder,read,a7,0,1048576,8,1,4096,0,16,16,2806847.0,132787.0,175427.9375,0.0,485102.0625,220694.79464285713,
ladder,read,a7,0,1048576,16,1,4096,0,16,16,2607194.5,43948.5,162949.65625,0.0,485102.53571428574,173336.23214285713,
ladder,read,a7,0,1048576,32,1,4096,0,16,16,2687467.5,42948.0,167966.71875,0.0,485100.7589285714,197579.75892857142,
ladder,write,a0,0,4096,1,1,16,16,16,16,56145.5,821.0,3509.09375,0.0,476.67857142857144,-3440.276785714286,
ladder,write,a0,0,4096,2,1,16,16,16,16,44524.0,373.5,2782.75,0.0,477.94642857142856,1879.732142857143,
ladder,write,a0,0,4096,4,1,16,16,16,16,55477.5,464.5,3467.34375,0.0,477.17857142857144,-2160.339285714286,
ladder,write,a0,0,4096,8,1,16,16,16,16,56250.0,423.0,3515.625,0.0,478.4375,-88.84821428571429,
ladder,write,a0,0,4096,16,1,16,16,16,16,55845.0,542.0,3490.3125,0.0,479.44642857142856,60.419642857142854,
ladder,write,a0,0,4096,32,1,16,16,16,16,55542.0,228.0,3471.375,0.0,480.00892857142856,1847.9285714285713,
ladder,write,a0,0,8192,1,1,16,16,16,16,83024.5,761.0,5189.03125,0.0,479.26785714285717,821.625,
ladder,write,a0,0,8192,2,1,16,16,16,16,84475.0,311.0,5279.6875,0.0,479.3482142857143,2442.964285714286,
ladder,write,a0,0,8192,4,1,16,16,16,16,85954.0,2301.0,5372.125,0.0,479.73214285714283,-297.9732142857143,
ladder,write,a0,0,8192,8,1,16,16,16,16,83851.5,451.0,5240.71875,0.0,479.0982142857143,-1083.2589285714287,
ladder,write,a0,0,8192,16,1,16,16,16,16,84452.0,657.5,5278.25,0.0,481.4732142857143,2102.6785714285716,
ladder,write,a0,0,8192,32,1,16,16,16,16,85545.5,2768.0,5346.59375,0.0,480.36607142857144,-652.2767857142857,
ladder,write,a0,0,16384,1,1,16,16,16,16,144382.5,1844.5,9023.90625,0.0,481.0267857142857,4123.785714285715,
ladder,write,a0,0,16384,2,1,16,16,16,16,142494.5,811.0,8905.90625,0.0,482.44642857142856,0.8392857142857143,
ladder,write,a0,0,16384,4,1,16,16,16,16,144639.5,6335.0,9039.96875,0.0,482.5,-1328.1607142857142,
ladder,write,a0,0,16384,8,1,16,16,16,16,141098.0,754.5,8818.625,0.0,482.50892857142856,164.19642857142858,
ladder,write,a0,0,16384,16,1,16,16,16,16,130447.5,691.5,8152.96875,0.0,481.94642857142856,1051.625,
ladder,write,a0,0,16384,32,1,16,16,16,16,140888.0,864.0,8805.5,0.0,482.30357142857144,-2692.2678571428573,
ladder,write,a0,0,65536,1,1,16,16,16,16,464778.0,10648.5,29048.625,0.0,483.32142857142856,97.57142857142857,
ladder,write,a0,0,65536,2,1,16,16,16,16,450248.5,5745.0,28140.53125,0.0,483.83035714285717,-1971.4910714285713,
ladder,write,a0,0,65536,4,1,16,16,16,16,471673.0,10392.5,29479.5625,0.0,483.45535714285717,1031.6785714285713,
ladder,write,a0,0,65536,8,1,16,16,16,16,476643.0,9304.5,29790.1875,0.0,483.32142857142856,-113.80357142857143,
ladder,write,a0,0,65536,16,1,16,16,16,16,477339.5,13267.5,29833.71875,0.0,485.8392857142857,604.5267857142857,
ladder,write,a0,0,65536,32,1,16,16,16,16,400272.5,1967.5,25017.03125,0.0,481.89285714285717,1499.3125,
ladder,write,a0,0,1048576,1,1,16,16,16,16,6583384.0,10478.0,411461.5,0.0,482.70535714285717,-844.4285714285714,
ladder,write,a0,0,1048576,2,1,16,16,16,16,6521204.0,4757.0,407575.25,0.0,482.35714285714283,4878.455357142857,
ladder,write,a0,0,1048576,4,1,16,16,16,16,6420560.5,6241.5,401285.03125,0.0,482.8392857142857,1080.4285714285713,
ladder,write,a0,0,1048576,8,1,16,16,16,16,6519993.0,11853.0,407499.5625,0.0,483.51785714285717,-223.73214285714286,
ladder,write,a0,0,1048576,16,1,16,16,16,16,6418919.5,14570.5,401182.46875,0.0,484.2767857142857,1507.8839285714287,
ladder,write,a0,0,1048576,32,1,16,16,16,16,6391917.0,9043.0,399494.8125,0.0,484.67857142857144,2906.4821428571427,
ladder,write,a1,0,4096,1,1,64,0,16,16,55781.5,654.5,3486.34375,0.0,478.6517857142857,248.0625,
ladder,write,a1,0,4096,2,1,64,0,16,16,54872.5,322.5,3429.53125,0.0,478.3125,-708.1607142857143,
ladder,write,a1,0,4096,4,1,64,0,16,16,54782.5,216.0,3423.90625,0.0,479.39285714285717,-1024.4285714285713,
ladder,write,a1,0,4096,8,1,64,0,16,16,55851.5,603.0,3490.71875,0.0,476.80357142857144,1035.1517857142858,
ladder,write,a1,0,4096,16,1,64,0,16,16,55060.5,568.0,3441.28125,0.0,480.23214285714283,304.16964285714283,
ladder,write,a1,0,4096,32,1,64,0,16,16,56235.5,139.0,3514.71875,0.0,481.41964285714283,-548.9285714285714,
ladder,write,a1,0,8192,1,1,64,0,16,16,82990.0,322.0,5186.875,0.0,479.8125,-1358.7410714285713,
ladder,write,a1,0,8192,2,1,64,0,16,16,84173.5,277.5,5260.84375,0.0,480.4642857142857,836.7678571428571,
ladder,write,a1,0,8192,4,1,64,0,16,16,82902.0,518.0,5181.375,0.0,479.99107142857144,726.9821428571429,
ladder,write,a1,0,8192,8,1,64,0,16,16,84017.0,434.0,5251.0625,0.0,479.44642857142856,379.42857142857144,
ladder,write,a1,0,8192,16,1,64,0,16,16,84045.0,3260.0,5252.8125,0.0,480.9732142857143,-290.92857142857144,
ladder,write,a1,0,8192,32,1,64,0,16,16,85582.0,570.5,5348.875,0.0,481.70535714285717,903.6071428571429,
ladder,write,a1,0,16384,1,1,64,0,16,16,142266.5,614.5,8891.65625,0.0,481.9732142857143,-1682.2232142857142,
ladder,write,a1,0,16384,2,1,64,0,16,16,141156.5,1014.0,8822.28125,0.0,480.5982142857143,273.875,
ladder,write,a1,0,16384,4,1,64,0,16,16,143490.5,650.5,8968.15625,0.0,481.67857142857144,2797.1964285714284,
ladder,write,a1,0,16384,8,1,64,0,16,16,140268.0,640.5,8766.75,0.0,481.8392857142857,427.30357142857144,
ladder,write,a1,0,16384,16,1,64,0,16,16,135983.0,2814.0,8498.9375,0.0,481.5,-2422.75,
ladder,write,a1,0,16384,32,1,64,0,16,16,140231.5,1197.5,8764.46875,0.0,480.7767857142857,2154.9196428571427,
ladder,write,a1,0,65536,1,1,64,0,16,16,499438.5,2645.0,31214.90625,0.0,482.4017857142857,-785.9464285714286,
ladder,write,a1,0,65536,2,1,64,0,16,16,441210.0,2649.5,27575.625,0.0,482.24107142857144,-346.83035714285717,
ladder,write,a1,0,65536,4,1,64,0,16,16,456597.0,7993.0,28537.3125,0.0,483.54464285714283,-708.6607142857143,
ladder,write,a1,0,65536,8,1,64,0,16,16,478401.0,11908.5,29900.0625,0.0,482.83035714285717,2219.7321428571427,
ladder,write,a1,0,65536,16,1,64,0,16,16,482581.5,12844.5,30161.34375,0.0,481.4642857142857,1357.3035714285713,
ladder,write,a1,0,65536,32,1,64,0,16,16,471301.0,7416.0,29456.3125,0.0,482.05357142857144,980.9732142857143,
ladder,write,a1,0,1048576,1,1,64,0,16,16,6535279.5,14765.0,408454.96875,0.0,482.1875,681.1071428571429,
ladder,write,a1,0,1048576,2,1,64,0,16,16,6465218.5,32769.5,404076.15625,0.0,483.11607142857144,-2235.3125,
ladder,write,a1,0,1048576,4,1,64,0,16,16,6373722.0,6555.5,398357.625,0.0,483.17857142857144,814.0982142857143,
ladder,write,a1,0,1048576,8,1,64,0,16,16,6421111.5,35884.0,401319.46875,0.0,482.5,-586.9107142857143,
ladder,write,a1,0,1048576,16,1,64,0,16,16,6378743.5,13655.0,398671.46875,0.0,485.0892857142857,-591.6517857142857,
ladder,write,a1,0,1048576,32,1,64,0,16,16,6391927.0,32734.0,399495.4375,0.0,484.2767857142857,1519.7857142857142,
ladder,write,a2,0,4096,1,1,128,0,16,16,58356.0,2765.0,3647.25,0.0,477.13392857142856,1152.5089285714287,
ladder,write,a2,0,4096,2,1,128,0,16,16,55224.5,214.0,3451.53125,0.0,477.60714285714283,441.41964285714283,
ladder,write,a2,0,4096,4,1,128,0,16,16,55743.5,335.0,3483.96875,0.0,477.5357142857143,-1373.705357142857,
ladder,write,a2,0,4096,8,1,128,0,16,16,56154.0,414.0,3509.625,0.0,477.875,100.40178571428571,
ladder,write,a2,0,4096,16,1,128,0,16,16,56500.5,1584.0,3531.28125,0.0,479.2767857142857,306.625,
ladder,write,a2,0,4096,32,1,128,0,16,16,55644.0,331.0,3477.75,0.0,479.54464285714283,607.6607142857143,
ladder,write,a2,0,8192,1,1,128,0,16,16,83403.0,544.0,5212.6875,0.0,478.76785714285717,366.375,
ladder,write,a2,0,8192,2,1,128,0,16,16,83896.5,491.0,5243.53125,0.0,480.30357142857144,-484.13392857142856,
ladder,write,a2,0,8192,4,1,128,0,16,16,83038.0,423.5,5189.875,0.0,478.6607142857143,528.2232142857143,
ladder,write,a2,0,8192,8,1,128,0,16,16,87172.5,1117.0,5448.28125,0.0,478.45535714285717,336.0357142857143,
ladder,write,a2,0,8192,16,1,128,0,16,16,84367.5,438.0,5272.96875,0.0,481.0982142857143,736.1428571428571,
ladder,write,a2,0,8192,32,1,128,0,16,16,84436.5,653.0,5277.28125,0.0,481.33035714285717,-887.4553571428571,
ladder,write,a2,0,16384,1,1,128,0,16,16,142401.5,1239.0,8900.09375,0.0,483.00892857142856,569.0,
ladder,write,a2,0,16384,2,1,128,0,16,16,139703.5,635.0,8731.46875,0.0,482.6875,635.6696428571429,
ladder,write,a2,0,16384,4,1,128,0,16,16,147269.5,714.0,9204.34375,0.0,482.6607142857143,-549.1071428571429,
ladder,write,a2,0,16384,8,1,128,0,16,16,139563.0,476.5,8722.6875,0.0,481.7857142857143,-1381.3392857142858,
ladder,write,a2,0,16384,16,1,128,0,16,16,141853.0,1136.0,8865.8125,0.0,481.4107142857143,2525.3928571428573,
ladder,write,a2,0,16384,32,1,128,0,16,16,140833.5,1057.5,8802.09375,0.0,481.25892857142856,101.99107142857143,
ladder,write,a2,0,65536,1,1,128,0,16,16,387814.0,1809.5,24238.375,0.0,482.44642857142856,3700.714285714286,
ladder,write,a2,0,65536,2,1,128,0,16,16,455877.5,5374.0,28492.34375,0.0,482.8392857142857,620.4375,
ladder,write,a2,0,65536,4,1,128,0,16,16,459401.5,5756.5,28712.59375,0.0,483.13392857142856,1564.892857142857,
ladder,write,a2,0,65536,8,1,128,0,16,16,474410.0,11710.0,29650.625,0.0,482.69642857142856,1539.1160714285713,
ladder,write,a2,0,65536,16,1,128,0,16,16,474229.5,5971.0,29639.34375,0.0,482.00892857142856,-730.2589285714286,
ladder,write,a2,0,65536,32,1,128,0,16,16,479730.0,10323.5,29983.125,0.0,482.61607142857144,1858.267857142857,
ladder,write,a2,0,1048576,1,1,128,0,16,16,6543448.0,88169.0,408965.5,0.0,482.0267857142857,-2193.9821428571427,
ladder,write,a2,0,1048576,2,1,128,0,16,16,6964171.0,116274.5,435260.6875,0.0,481.57142857142856,-324.61607142857144,
ladder,write,a2,0,1048576,4,1,128,0,16,16,6680744.0,5933.5,417546.5,0.0,482.67857142857144,-3879.901785714286,
ladder,write,a2,0,1048576,8,1,128,0,16,16,6388968.0,19541.5,399310.5,0.0,481.88392857142856,433.49107142857144,
ladder,write,a2,0,1048576,16,1,128,0,16,16,6396577.0,31554.5,399786.0625,0.0,484.7767857142857,2160.214285714286,
ladder,write,a2,0,1048576,32,1,128,0,16,16,6354184.5,6763.5,397136.53125,0.0,484.26785714285717,122.25,
ladder,write,a3,0,4096,1,1,256,0,16,16,55880.0,838.0,3492.5,0.0,478.73214285714283,-1874.3392857142858,
ladder,write,a3,0,4096,2,1,256,0,16,16,55062.0,526.0,3441.375,0.0,478.75892857142856,470.67857142857144,
ladder,write,a3,0,4096,4,1,256,0,16,16,55205.5,640.0,3450.34375,0.0,477.8125,2460.5535714285716,
ladder,write,a3,0,4096,8,1,256,0,16,16,56102.0,994.5,3506.375,0.0,476.91964285714283,909.2410714285714,
ladder,write,a3,0,4096,16,1,256,0,16,16,54972.0,402.0,3435.75,0.0,478.89285714285717,12.973214285714286,
ladder,write,a3,0,4096,32,1,256,0,16,16,56380.0,350.0,3523.75,0.0,479.49107142857144,-2148.964285714286,
ladder,write,a3,0,8192,1,1,256,0,16,16,83202.5,454.0,5200.15625,0.0,478.7767857142857,-133.61607142857142,
ladder,write,a3,0,8192,2,1,256,0,16,16,83330.0,786.0,5208.125,0.0,478.42857142857144,-225.48214285714286,
ladder,write,a3,0,8192,4,1,256,0,16,16,82893.5,287.5,5180.84375,0.0,479.29464285714283,336.64285714285717,
ladder,write,a3,0,8192,8,1,256,0,16,16,83431.5,459.0,5214.46875,0.0,479.29464285714283,-570.9196428571429,
ladder,write,a3,0,8192,16,1,256,0,16,16,84689.0,1318.0,5293.0625,0.0,480.51785714285717,405.23214285714283,
ladder,write,a3,0,8192,32,1,256,0,16,16,84248.5,492.5,5265.53125,0.0,482.0982142857143,17.883928571428573,
ladder,write,a3,0,16384,1,1,256,0,16,16,143344.0,1204.0,8959.0,0.0,481.38392857142856,214.41964285714286,
ladder,write,a3,0,16384,2,1,256,0,16,16,140352.0,664.5,8772.0,0.0,482.25892857142856,644.0892857142857,
ladder,write,a3,0,16384,4,1,256,0,16,16,141057.5,1629.0,8816.09375,0.0,480.5625,890.5,
ladder,write,a3,0,16384,8,1,256,0,16,16,140813.5,5881.5,8800.84375,0.0,482.6875,-749.3303571428571,
ladder,write,a3,0,16384,16,1,256,0,16,16,139204.5,3322.5,8700.28125,0.0,481.19642857142856,2743.1160714285716,
ladder,write,a3,0,16384,32,1,256,0,16,16,140415.5,716.0,8775.96875,0.0,480.1875,-456.7857142857143,
ladder,write,a3,0,65536,1,1,256,0,16,16,461974.5,18154.5,28873.40625,0.0,482.54464285714283,-982.0178571428571,
ladder,write,a3,0,65536,2,1,256,0,16,16,463173.0,8719.0,28948.3125,0.0,482.4642857142857,538.4107142857143,
ladder,write,a3,0,65536,4,1,256,0,16,16,458944.5,7534.5,28684.03125,0.0,482.39285714285717,4124.4375,
ladder,write,a3,0,65536,8,1,256,0,16,16,395010.5,3470.0,24688.15625,0.0,482.8482142857143,2882.035714285714,
ladder,write,a3,0,65536,16,1,256,0,16,16,474434.5,7821.0,29652.15625,0.0,482.60714285714283,338.6607142857143,
ladder,write,a3,0,65536,32,1,256,0,16,16,478628.5,11224.5,29914.28125,0.0,482.74107142857144,2933.1428571428573,
ladder,write,a3,0,1048576,1,1,256,0,16,16,6372382.5,9844.0,398273.90625,0.0,483.24107142857144,1605.8214285714287,
ladder,write,a3,0,1048576,2,1,256,0,16,16,6781779.5,140752.5,423861.21875,0.0,482.0267857142857,-399.7857142857143,
ladder,write,a3,0,1048576,4,1,256,0,16,16,6681714.0,17644.5,417607.125,0.0,482.375,-890.9375,
ladder,write,a3,0,1048576,8,1,256,0,16,16,6380204.5,40129.5,398762.78125,0.0,482.20535714285717,181.91964285714286,
ladder,write,a3,0,1048576,16,1,256,0,16,16,6331088.0,11530.0,395693.0,0.0,484.9107142857143,-4314.767857142857,
ladder,write,a3,0,1048576,32,1,256,0,16,16,6389393.5,43833.0,399337.09375,0.0,484.7767857142857,2945.9821428571427,
ladder,write,a4,0,4096,1,1,512,0,16,16,56658.0,1570.5,3541.125,0.0,476.75,11.392857142857142,
ladder,write,a4,0,4096,2,1,512,0,16,16,55577.0,989.0,3473.5625,0.0,479.0625,95.88392857142857,
ladder,write,a4,0,4096,4,1,512,0,16,16,55827.5,489.0,3489.21875,0.0,477.60714285714283,3362.339285714286,
ladder,write,a4,0,4096,8,1,512,0,16,16,55402.0,422.0,3462.625,0.0,477.32142857142856,1141.1160714285713,
ladder,write,a4,0,4096,16,1,512,0,16,16,55573.0,314.0,3473.3125,0.0,479.38392857142856,889.8839285714286,
ladder,write,a4,0,4096,32,1,512,0,16,16,55030.0,284.0,3439.375,0.0,479.99107142857144,322.875,
ladder,write,a4,0,8192,1,1,512,0,16,16,84157.0,538.0,5259.8125,0.0,479.0892857142857,1235.857142857143,
ladder,write,a4,0,8192,2,1,512,0,16,16,83609.0,554.5,5225.5625,0.0,478.8482142857143,358.25892857142856,
ladder,write,a4,0,8192,4,1,512,0,16,16,83353.5,315.5,5209.59375,0.0,479.86607142857144,40.830357142857146,
ladder,write,a4,0,8192,8,1,512,0,16,16,82928.0,453.5,5183.0,0.0,479.24107142857144,265.00892857142856,
ladder,write,a4,0,8192,16,1,512,0,16,16,84039.0,553.5,5252.4375,0.0,481.11607142857144,433.07142857142856,
ladder,write,a4,0,8192,32,1,512,0,16,16,83932.5,653.0,5245.78125,0.0,480.9642857142857,-3033.3928571428573,
ladder,write,a4,0,16384,1,1,512,0,16,16,143419.5,604.0,8963.71875,0.0,482.30357142857144,436.42857142857144,
ladder,write,a4,0,16384,2,1,512,0,16,16,113636.0,803.0,7102.25,0.0,482.7767857142857,1362.9910714285713,
ladder,write,a4,0,16384,4,1,512,0,16,16,142134.5,853.0,8883.40625,0.0,483.3482142857143,0.7321428571428571,
ladder,write,a4,0,16384,8,1,512,0,16,16,140591.5,5238.5,8786.96875,0.0,481.89285714285717,689.3839285714286,
ladder,write,a4,0,16384,16,1,512,0,16,16,139954.5,715.5,8747.15625,0.0,482.625,-77.04464285714286,
ladder,write,a4,0,16384,32,1,512,0,16,16,134112.0,555.5,8382.0,0.0,481.7857142857143,1602.6875,
ladder,write,a4,0,65536,1,1,512,0,16,16,463749.0,11548.0,28984.3125,0.0,482.2857142857143,-1157.8839285714287,
ladder,write,a4,0,65536,2,1,512,0,16,16,466575.5,8224.0,29160.96875,0.0,483.4732142857143,2849.3303571428573,
ladder,write,a4,0,65536,4,1,512,0,16,16,473063.5,12127.5,29566.46875,0.0,478.66964285714283,-705.5625,
ladder,write,a4,0,65536,8,1,512,0,16,16,457824.0,4210.0,28614.0,0.0,482.6875,2201.375,
ladder,write,a4,0,65536,16,1,512,0,16,16,475366.5,8394.5,29710.40625,0.0,481.7232142857143,341.2142857142857,
ladder,write,a4,0,65536,32,1,512,0,16,16,478845.0,5627.0,29927.8125,0.0,481.1517857142857,938.9107142857143,
ladder,write,a4,0,1048576,1,1,512,0,16,16,6373132.5,6612.5,398320.78125,0.0,483.30357142857144,2313.9196428571427,
ladder,write,a4,0,1048576,2,1,512,0,16,16,6353362.0,13730.5,397085.125,0.0,482.35714285714283,-4547.580357142857,
ladder,write,a4,0,1048576,4,1,512,0,16,16,6642423.5,16100.5,415151.46875,0.0,482.0,9483.035714285714,
ladder,write,a4,0,1048576,8,1,512,0,16,16,6339003.5,13808.0,396187.71875,0.0,483.85714285714283,-3008.5178571428573,
ladder,write,a4,0,1048576,16,1,512,0,16,16,6376193.0,18277.0,398512.0625,0.0,484.2857142857143,-34.107142857142854,
ladder,write,a4,0,1048576,32,1,512,0,16,16,6365038.0,29321.5,397814.875,0.0,484.3125,-967.4196428571429,
ladder,write,a5,0,4096,1,1,1024,0,16,16,55114.0,349.5,3444.625,0.0,477.07142857142856,-623.1160714285714,
ladder,write,a5,0,4096,2,1,1024,0,16,16,55209.0,421.5,3450.5625,0.0,478.2232142857143,-777.2767857142857,
ladder,write,a5,0,4096,4,1,1024,0,16,16,45113.0,433.5,2819.5625,0.0,477.9642857142857,-724.7589285714286,
ladder,write,a5,0,4096,8,1,1024,0,16,16,55398.5,551.0,3462.40625,0.0,476.5625,161.53571428571428,
ladder,write,a5,0,4096,16,1,1024,0,16,16,55779.0,636.5,3486.1875,0.0,480.5982142857143,1065.9910714285713,
ladder,write,a5,0,4096,32,1,1024,0,16,16,54913.5,293.0,3432.09375,0.0,478.125,-223.15178571428572,
ladder,write,a5,0,8192,1,1,1024,0,16,16,82439.0,462.5,5152.4375,0.0,479.2857142857143,473.0625,
ladder,write,a5,0,8192,2,1,1024,0,16,16,82874.5,592.5,5179.65625,0.0,479.7232142857143,616.8928571428571,
ladder,write,a5,0,8192,4,1,1024,0,16,16,82892.5,292.0,5180.78125,0.0,479.17857142857144,302.19642857142856,
ladder,write,a5,0,8192,8,1,1024,0,16,16,84290.5,311.5,5268.15625,0.0,479.20535714285717,234.41964285714286,
ladder,write,a5,0,8192,16,1,1024,0,16,16,84243.0,508.0,5265.1875,0.0,481.0,786.6875,
ladder,write,a5,0,8192,32,1,1024,0,16,16,84865.5,431.0,5304.09375,0.0,481.16964285714283,464.11607142857144,
ladder,write,a5,0,16384,1,1,1024,0,16,16,137281.5,912.5,8580.09375,0.0,482.41964285714283,3229.1785714285716,
ladder,write,a5,0,16384,2,1,1024,0,16,16,139298.5,4188.0,8706.15625,0.0,481.57142857142856,794.3303571428571,
ladder,write,a5,0,16384,4,1,1024,0,16,16,142030.0,655.5,8876.875,0.0,481.7857142857143,-1495.5892857142858,
ladder,write,a5,0,16384,8,1,1024,0,16,16,139692.0,519.0,8730.75,0.0,482.4107142857143,234.47321428571428,
ladder,write,a5,0,16384,16,1,1024,0,16,16,140104.0,358.0,8756.5,0.0,480.6607142857143,-94.96428571428571,
ladder,write,a5,0,16384,32,1,1024,0,16,16,140519.5,836.5,8782.46875,0.0,481.50892857142856,-7.419642857142857,
ladder,write,a5,0,65536,1,1,1024,0,16,16,455729.5,9873.5,28483.09375,0.0,483.25892857142856,916.9642857142857,
ladder,write,a5,0,65536,2,1,1024,0,16,16,453384.5,11205.5,28336.53125,0.0,482.14285714285717,135.04464285714286,
ladder,write,a5,0,65536,4,1,1024,0,16,16,464921.5,4014.0,29057.59375,0.0,482.32142857142856,-656.9285714285714,
ladder,write,a5,0,65536,8,1,1024,0,16,16,462278.0,6972.0,28892.375,0.0,481.5357142857143,-110.5,
ladder,write,a5,0,65536,16,1,1024,0,16,16,469911.0,16350.0,29369.4375,0.0,481.58035714285717,257.2142857142857,
ladder,write,a5,0,65536,32,1,1024,0,16,16,479758.0,15662.0,29984.875,0.0,482.7232142857143,-3848.3839285714284,
ladder,write,a5,0,1048576,1,1,1024,0,16,16,6365068.0,9852.0,397816.75,0.0,482.85714285714283,-2670.8660714285716,
ladder,write,a5,0,1048576,2,1,1024,0,16,16,6376949.5,9712.0,398559.34375,0.0,482.49107142857144,1832.9642857142858,
ladder,write,a5,0,1048576,4,1,1024,0,16,16,6496694.5,8616.5,406043.40625,0.0,483.4017857142857,-4028.223214285714,
ladder,write,a5,0,1048576,8,1,1024,0,16,16,6360158.0,4662.0,397509.875,0.0,482.00892857142856,1653.205357142857,
ladder,write,a5,0,1048576,16,1,1024,0,16,16,6394985.0,29383.0,399686.5625,0.0,484.38392857142856,2307.0089285714284,
ladder,write,a5,0,1048576,32,1,1024,0,16,16,6405109.0,26462.5,400319.3125,0.0,483.70535714285717,175.53571428571428,
ladder,write,a6,0,4096,1,1,2048,0,16,16,55575.5,525.5,3473.46875,0.0,476.60714285714283,-1675.892857142857,
ladder,write,a6,0,4096,2,1,2048,0,16,16,55014.0,274.0,3438.375,0.0,477.16964285714283,295.5357142857143,
ladder,write,a6,0,4096,4,1,2048,0,16,16,56629.5,1127.0,3539.34375,0.0,477.67857142857144,496.23214285714283,
ladder,write,a6,0,4096,8,1,2048,0,16,16,55039.5,286.0,3439.96875,0.0,477.36607142857144,768.0892857142857,
ladder,write,a6,0,4096,16,1,2048,0,16,16,57401.5,2943.5,3587.59375,0.0,479.32142857142856,-25.616071428571427,
ladder,write,a6,0,4096,32,1,2048,0,16,16,56078.0,1014.5,3504.875,0.0,480.375,658.9553571428571,
ladder,write,a6,0,8192,1,1,2048,0,16,16,90526.5,450.5,5657.90625,0.0,478.7232142857143,948.6696428571429,
ladder,write,a6,0,8192,2,1,2048,0,16,16,83148.5,417.5,5196.78125,0.0,485.42857142857144,590.2678571428571,
ladder,write,a6,0,8192,4,1,2048,0,16,16,83636.5,3076.5,5227.28125,0.0,478.5625,805.8214285714286,
ladder,write,a6,0,8192,8,1,2048,0,16,16,63009.5,424.5,3938.09375,0.0,479.41964285714283,1644.2232142857142,
ladder,write,a6,0,8192,16,1,2048,0,16,16,84040.5,408.0,5252.53125,0.0,481.61607142857144,810.9464285714286,
ladder,write,a6,0,8192,32,1,2048,0,16,16,85108.0,671.5,5319.25,0.0,481.3125,264.73214285714283,
ladder,write,a6,0,16384,1,1,2048,0,16,16,142619.0,702.5,8913.6875,0.0,481.88392857142856,191.44642857142858,
ladder,write,a6,0,16384,2,1,2048,0,16,16,141413.5,2946.5,8838.34375,0.0,481.35714285714283,29.616071428571427,
ladder,write,a6,0,16384,4,1,2048,0,16,16,141095.5,991.5,8818.46875,0.0,481.4375,-480.41964285714283,
ladder,write,a6,0,16384,8,1,2048,0,16,16,140650.0,887.0,8790.625,0.0,481.2857142857143,19.75,
ladder,write,a6,0,16384,16,1,2048,0,16,16,141602.5,732.0,8850.15625,0.0,481.04464285714283,23.142857142857142,
ladder,write,a6,0,16384,32,1,2048,0,16,16,139801.0,5153.5,8737.5625,0.0,480.5357142857143,381.32142857142856,
ladder,write,a6,0,65536,1,1,2048,0,16,16,461049.0,14940.0,28815.5625,0.0,482.60714285714283,296.44642857142856,
ladder,write,a6,0,65536,2,1,2048,0,16,16,455400.5,10254.0,28462.53125,0.0,481.69642857142856,363.5,
ladder,write,a6,0,65536,4,1,2048,0,16,16,463734.5,16055.5,28983.40625,0.0,483.1517857142857,1282.294642857143,
ladder,write,a6,0,65536,8,1,2048,0,16,16,460092.0,9963.5,28755.75,0.0,483.57142857142856,322.2857142857143,
ladder,write,a6,0,65536,16,1,2048,0,16,16,474677.5,12051.5,29667.34375,0.0,482.19642857142856,1685.1160714285713,
ladder,write,a6,0,65536,32,1,2048,0,16,16,488831.0,12282.0,30551.9375,0.0,481.8125,-2543.9285714285716,
ladder,write,a6,0,1048576,1,1,2048,0,16,16,6374274.5,7945.0,398392.15625,0.0,482.4017857142857,-377.4017857142857,
ladder,write,a6,0,1048576,2,1,2048,0,16,16,6464587.5,5312.5,404036.71875,0.0,483.17857142857144,3648.0446428571427,
ladder,write,a6,0,1048576,4,1,2048,0,16,16,6661152.5,26882.0,416322.03125,0.0,481.82142857142856,806.0535714285714,
ladder,write,a6,0,1048576,8,1,2048,0,16,16,6354200.0,14043.5,397137.5,0.0,482.89285714285717,466.99107142857144,
ladder,write,a6,0,1048576,16,1,2048,0,16,16,6339896.0,8622.0,396243.5,0.0,484.89285714285717,-896.3482142857143,
ladder,write,a6,0,1048576,32,1,2048,0,16,16,6409167.0,28749.0,400572.9375,0.0,484.70535714285717,2017.3035714285713,
ladder,write,a7,0,4096,1,1,4096,0,16,16,54863.5,255.0,3428.96875,0.0,477.6517857142857,-100.71428571428571,
ladder,write,a7,0,4096,2,1,4096,0,16,16,54641.0,278.0,3415.0625,0.0,479.76785714285717,386.45535714285717,
ladder,write,a7,0,4096,4,1,4096,0,16,16,58408.0,1910.0,3650.5,0.0,477.0,462.25,
ladder,write,a7,0,4096,8,1,4096,0,16,16,57754.5,2585.5,3609.65625,0.0,477.99107142857144,371.2232142857143,
ladder,write,a7,0,4096,16,1,4096,0,16,16,56645.5,694.0,3540.34375,0.0,479.26785714285717,-498.74107142857144,
ladder,write,a7,0,4096,32,1,4096,0,16,16,57442.0,2892.5,3590.125,0.0,480.00892857142856,510.2142857142857,
ladder,write,a7,0,8192,1,1,4096,0,16,16,67172.5,369.0,4198.28125,0.0,479.91964285714283,-603.5446428571429,
ladder,write,a7,0,8192,2,1,4096,0,16,16,83604.5,627.5,5225.28125,0.0,479.4642857142857,-318.51785714285717,
ladder,write,a7,0,8192,4,1,4096,0,16,16,82956.5,376.0,5184.78125,0.0,479.2857142857143,-669.9910714285714,
ladder,write,a7,0,8192,8,1,4096,0,16,16,83812.0,324.5,5238.25,0.0,478.5267857142857,508.375,
ladder,write,a7,0,8192,16,1,4096,0,16,16,83884.0,482.0,5242.75,0.0,482.48214285714283,997.5178571428571,
ladder,write,a7,0,8192,32,1,4096,0,16,16,84556.0,374.0,5284.75,0.0,482.375,-150.57142857142858,
ladder,write,a7,0,16384,1,1,4096,0,16,16,142716.0,1008.5,8919.75,0.0,481.10714285714283,-82.90178571428571,
ladder,write,a7,0,16384,2,1,4096,0,16,16,136631.0,3884.5,8539.4375,0.0,482.63392857142856,4072.035714285714,
ladder,write,a7,0,16384,4,1,4096,0,16,16,140470.0,843.0,8779.375,0.0,481.70535714285717,-617.1160714285714,
ladder,write,a7,0,16384,8,1,4096,0,16,16,140177.0,419.0,8761.0625,0.0,482.24107142857144,1537.0892857142858,
ladder,write,a7,0,16384,16,1,4096,0,16,16,140594.5,1195.0,8787.15625,0.0,481.17857142857144,3530.3660714285716,
ladder,write,a7,0,16384,32,1,4096,0,16,16,140514.0,506.0,8782.125,0.0,481.63392857142856,693.6428571428571,
ladder,write,a7,0,65536,1,1,4096,0,16,16,462035.0,3355.0,28877.1875,0.0,482.6517857142857,436.875,
ladder,write,a7,0,65536,2,1,4096,0,16,16,467289.0,9829.5,29205.5625,0.0,483.23214285714283,2682.464285714286,
ladder,write,a7,0,65536,4,1,4096,0,16,16,465650.0,6904.0,29103.125,0.0,482.04464285714283,521.3392857142857,
ladder,write,a7,0,65536,8,1,4096,0,16,16,468683.0,5093.5,29292.6875,0.0,482.4375,320.7767857142857,
ladder,write,a7,0,65536,16,1,4096,0,16,16,469747.0,6249.5,29359.1875,0.0,482.2142857142857,-1761.2142857142858,
ladder,write,a7,0,65536,32,1,4096,0,16,16,480639.0,17406.5,30039.9375,0.0,481.82142857142856,271.2232142857143,
ladder,write,a7,0,1048576,1,1,4096,0,16,16,6375719.0,6085.0,398482.4375,0.0,483.08035714285717,2741.5535714285716,
ladder,write,a7,0,1048576,2,1,4096,0,16,16,6460469.5,7241.0,403779.34375,0.0,482.0982142857143,1050.669642857143,
ladder,write,a7,0,1048576,4,1,4096,0,16,16,6393014.5,72940.5,399563.40625,0.0,482.6517857142857,2020.794642857143,
ladder,write,a7,0,1048576,8,1,4096,0,16,16,6374577.5,7749.0,398411.09375,0.0,481.5982142857143,471.5,
ladder,write,a7,0,1048576,16,1,4096,0,16,16,6339211.0,6589.0,396200.6875,0.0,484.3482142857143,1347.044642857143,
ladder,write,a7,0,1048576,32,1,4096,0,16,16,6479555.0,30077.0,404972.1875,0.0,484.39285714285717,4650.160714285715,
