r1-0000,13237150.0,42304543.0,2040.4
r1-0001,45204972.0,121983962.0,2244.28
r1-0002,126028646.0,206770887.0,2913.14
r1-0003,982443668.0,1223434146.0,4475.19
r1-0004,87581208.0,214101081.0,2600.43
r1-0005,7957981.0,22440695.0,1878.14
r1-0006,18241003.0,55991566.0,1912.59
r1-0007,24025720.0,78829822.0,2051.16
r1-0008,249194465.0,315236857.0,3059.72
r1-0009,511275792.0,671342905.0,4624.26
r1-0010,495512881.0,621081710.0,4163.01
r1-0011,10776026.0,32435713.0,1790.33
r1-0012,493396821.0,623374656.0,4302.41
r1-0013,13108944.0,39915742.0,1784.49
r1-0014,8067179.0,29298992.0,1883.16
r1-0015,251307551.0,320085593.0,3084.39
r1-0016,18409092.0,62243218.0,1950.32
r1-0017,10552576.0,33028236.0,1805.85
r1-0018,64978272.0,129037530.0,2494.99
r1-0019,85691034.0,145541518.0,2539.72
r1-0020,1019711254.0,1340435693.0,7092.39
r1-0021,166419059.0,248332118.0,2979.41
r1-0022,33498292.0,94618115.0,2087.23
r1-0023,7132577.0,20911735.0,1741.26
r1-0024,34609068.0,96383682.0,2120.59
r1-0025,23591845.0,71793908.0,2038.35
r1-0026,18718444.0,57730754.0,2351.47
r1-0027,13057412.0,37955339.0,2363.22
r1-0028,125494417.0,173120375.0,3115.47
r1-0029,23390056.0,71639946.0,2527.0
r1-0030,13429078.0,40511528.0,2268.86
r1-0031,33644079.0,93079832.0,2641.65
r1-0032,10506560.0,29811394.0,2322.32
r1-0033,7622940.0,29086501.0,2437.16
r1-0034,257053581.0,409274901.0,4357.98
r1-0035,172318530.0,279526471.0,3344.75
r1-0036,168521927.0,240873014.0,3509.95
r1-0037,248138980.0,334033932.0,3784.71
r1-0038,64157638.0,125764276.0,3004.23
r1-0039,984158263.0,1213403443.0,6868.48
r1-0040,7988400.0,24998049.0,2178.94
r1-0041,127118702.0,199335828.0,3399.73
r1-0042,43720536.0,119854083.0,2727.93
r1-0043,8138336.0,22871834.0,2250.04
r1-0044,44280098.0,115120440.0,2671.85
r1-0045,129942224.0,307933058.0,3490.09
r1-0046,43902280.0,118091963.0,2819.86
r1-0047,84610153.0,130837989.0,2916.15
r1-0048,10644254.0,36482354.0,2467.84
r1-0049,33920515.0,97576296.0,2745.43
r1-0050,23283400.0,68995984.0,2569.62
r1-0051,64440633.0,131014558.0,3003.66
r1-0052,84968736.0,145314531.0,3047.54
r1-0053,8604520.0,36610180.0,2401.34
r1-0054,18166909.0,53888469.0,2500.38
r1-0055,7032996.0,20272909.0,2322.31
r1-0056,499750047.0,665291131.0,4746.71
r1-0057,66385909.0,171276631.0,3051.66
r1-0058,167106214.0,251066717.0,3486.62
r1-0059,983736645.0,1255288889.0,7128.58
r2-0000,168520897.0,214802253.0,2384.73
r2-0001,64436397.0,128118653.0,2887.85
r2-0002,251308931.0,376498634.0,3990.43
r2-0003,7957556.0,22245052.0,2325.7
r2-0004,7032869.0,20613289.0,2232.47
r2-0005,43908260.0,117100094.0,2757.29
r2-0006,10506510.0,30076918.0,2406.23
r2-0007,66384863.0,163359904.0,3014.05
r2-0008,7988373.0,24381004.0,2387.49
r2-0009,18166938.0,54086778.0,2402.96
r2-0010,980555934.0,1208014575.0,6545.95
r2-0011,495591611.0,629982420.0,4631.72
r2-0012,7625241.0,26046484.0,2365.5
r2-0013,13428401.0,40608367.0,2364.05
r2-0014,248132555.0,312484043.0,3661.48
r2-0015,257051578.0,340274443.0,2483.75
r2-0016,126028128.0,195966461.0,3225.39
r2-0017,129941457.0,205887772.0,2783.38
r2-0018,8067002.0,29487572.0,2411.84
r2-0019,493433847.0,638084337.0,4847.22
r2-0020,33503717.0,93425204.0,2633.22
r2-0021,33931014.0,95254894.0,2679.04
r2-0022,18400487.0,55971765.0,2560.86
r2-0023,13110907.0,39131384.0,2409.54
r2-0024,499281667.0,623342580.0,4590.93
r2-0025,87580438.0,231483675.0,3204.26
r2-0026,34607254.0,114286811.0,2408.22
r2-0027,10556541.0,32951000.0,2333.99
r2-0028,166431156.0,241196660.0,3513.52
r2-0029,127097743.0,208622527.0,3350.33
r2-0030,7133477.0,20803841.0,1849.49
r2-0031,992694820.0,1135915179.0,6942.53
r2-0032,24026658.0,79654080.0,2547.21
r2-0033,85694361.0,150773955.0,3116.41
r2-0034,1019715363.0,1554835788.0,6978.61
r2-0035,64164751.0,123018150.0,2976.44
r2-0036,23585893.0,74749097.0,2545.99
r2-0037,511276546.0,726694475.0,5562.44
r2-0038,10775114.0,31674751.0,2184.93
r2-0039,982019437.0,1263985451.0,6623.39
r2-0040,18720206.0,58976036.0,1962.4
r2-0041,167137524.0,234516548.0,3047.2
r2-0042,23392671.0,70805612.0,2600.09
r2-0043,8604406.0,36259195.0,2362.87
r2-0044,10647945.0,36392341.0,2269.12
r2-0045,18240931.0,54009012.0,2545.48
r2-0046,45205722.0,127654343.0,2773.0
r2-0047,249272522.0,328390076.0,3924.01
r2-0048,23283982.0,68298166.0,2592.09
r2-0049,84972173.0,140741905.0,2991.81
r2-0050,172316998.0,299195227.0,3726.61
r2-0051,43719244.0,109225600.0,2232.26
r2-0052,33641940.0,95935760.0,2624.13
r2-0053,44280319.0,111381592.0,2802.76
r2-0054,13058381.0,37348587.0,2372.51
r2-0055,125494297.0,206254675.0,2890.21
r2-0056,64984390.0,126038766.0,2932.26
r2-0057,13221944.0,41760513.0,2509.69
r2-0058,8137548.0,23132820.0,2284.98
r2-0059,84611760.0,135270535.0,3007.46
r3-0000,10656621.0,34668905.0,2503.08
r3-0001,64161920.0,129191375.0,2897.17
r3-0002,87581382.0,193747094.0,2683.0
r3-0003,495230262.0,616673591.0,4865.22
r3-0004,166428031.0,263864126.0,3606.82
r3-0005,8137553.0,23149145.0,2343.87
r3-0006,926898291.0,1180098580.0,5330.79
r3-0007,7625939.0,26497591.0,2362.51
r3-0008,8075301.0,29759798.0,2434.12
r3-0009,126065038.0,193288899.0,3429.61
r3-0010,7992997.0,25427113.0,2310.74
r3-0011,1019718476.0,1286653769.0,6354.9
r3-0012,18241989.0,54983201.0,2488.34
r3-0013,13056707.0,38839050.0,1877.43
r3-0014,13237386.0,42713371.0,2538.5
r3-0015,977673266.0,1195206602.0,6660.06
r3-0016,64433276.0,123116161.0,2859.49
r3-0017,511273809.0,656620146.0,4910.75
r3-0018,13429179.0,41291356.0,2350.75
r3-0019,23389056.0,70505719.0,2552.54
r3-0020,966201702.0,1257264559.0,6195.42
r3-0021,172316914.0,279954035.0,3614.76
r3-0022,64977683.0,121254644.0,2985.05
r3-0023,84995719.0,145411883.0,3123.16
r3-0024,8603729.0,35503585.0,2372.13
r3-0025,43723471.0,119748295.0,2842.43
r3-0026,10774214.0,31597286.0,2204.37
r3-0027,167128013.0,266365365.0,3586.97
r3-0028,7956782.0,22059403.0,2310.5
r3-0029,18408714.0,64971958.0,2438.45
r3-0030,10505654.0,30150074.0,2324.66
r3-0031,85692327.0,141082865.0,2975.16
r3-0032,168513414.0,257988265.0,3585.97
r3-0033,34608301.0,104855724.0,2532.86
r3-0034,7133524.0,20447777.0,2286.92
r3-0035,257051983.0,406919650.0,4217.99
r3-0036,18720160.0,58896413.0,2538.04
r3-0037,125499353.0,199545089.0,3271.19
r3-0038,23591102.0,71994966.0,2552.32
r3-0039,7033750.0,19709270.0,2291.38
r3-0040,13118314.0,39455285.0,2065.69
r3-0041,45206512.0,127092179.0,2762.94
r3-0042,33502678.0,90216058.0,2639.66
r3-0043,251272919.0,322908607.0,3694.65
r3-0044,24025945.0,76585891.0,2562.05
r3-0045,493318821.0,620758464.0,4846.97
r3-0046,43912523.0,115284940.0,2690.1
r3-0047,18167964.0,55271856.0,2530.41
r3-0048,129941572.0,290010123.0,3689.09
r3-0049,127096617.0,168615262.0,3174.93
r3-0050,499752762.0,664004417.0,4375.68
r3-0051,44280026.0,116973730.0,2721.17
r3-0052,249193175.0,317315634.0,3687.28
r3-0053,66386684.0,190061331.0,3042.14
r3-0054,248140136.0,352536090.0,3414.65
r3-0055,23284119.0,68429039.0,2571.16
r3-0056,33931006.0,98323185.0,2695.5
r3-0057,33642524.0,97877295.0,2670.31
r3-0058,84617067.0,143815417.0,3144.04
r3-0059,10555715.0,32507404.0,2285.53
r4-0000,33503145.0,93410619.0,2660.12
r4-0001,85692200.0,147584044.0,3122.0
r4-0002,7621889.0,28239545.0,2396.13
r4-0003,44291714.0,117301549.0,2723.8
r4-0004,10507686.0,30530205.0,2407.41
r4-0005,66386737.0,177945950.0,3066.0
r4-0006,172316934.0,262324201.0,3231.32
r4-0007,43905300.0,116412574.0,2852.52
r4-0008,167085452.0,225150927.0,3306.13
r4-0009,23288293.0,71457886.0,2597.4
r4-0010,13114898.0,39150011.0,1978.34
r4-0011,18720398.0,59361588.0,2446.9
r4-0012,987228905.0,1209535645.0,6273.34
r4-0013,950993382.0,1122523526.0,5745.07
r4-0014,34608398.0,102645093.0,2643.42
r4-0015,7956053.0,28648492.0,2301.34
r4-0016,33924410.0,99386222.0,2641.25
r4-0017,976544417.0,1209256740.0,4980.39
r4-0018,18246111.0,60874059.0,2481.31
r4-0019,129941768.0,251335789.0,3527.12
r4-0020,24025911.0,76563659.0,2552.02
r4-0021,8138472.0,23119832.0,2286.35
r4-0022,248127188.0,331539838.0,3664.44
r4-0023,33652060.0,100539720.0,2769.55
r4-0024,64436661.0,122570185.0,2591.16
r4-0025,18397365.0,58115871.0,2490.63
r4-0026,166398402.0,238679034.0,3426.33
r4-0027,23591285.0,71708487.0,2528.49
r4-0028,127094324.0,187095101.0,2734.28
r4-0029,7988127.0,25252505.0,2317.98
r4-0030,18166883.0,56043921.0,2440.08
r4-0031,87581062.0,212265782.0,3126.82
r4-0032,251306128.0,365122346.0,3843.44
r4-0033,495515671.0,647907667.0,4130.65
r4-0034,10776052.0,32725628.0,2397.07
r4-0035,1019702944.0,1166323575.0,4635.83
r4-0036,8071255.0,29244952.0,2383.27
r4-0037,84963737.0,147942723.0,3089.79
r4-0038,84611565.0,148262388.0,3049.73
r4-0039,8611877.0,34857649.0,1910.65
r4-0040,125498618.0,200653667.0,2866.39
r4-0041,10651375.0,34222567.0,2446.69
r4-0042,7032978.0,19579729.0,2322.64
r4-0043,10549393.0,38290538.0,2316.02
r4-0044,493435091.0,645586043.0,4684.54
r4-0045,43723721.0,115325394.0,2863.14
r4-0046,13061413.0,37574167.0,2390.25
r4-0047,257052294.0,351691411.0,3690.56
r4-0048,64165354.0,124757090.0,2997.7
r4-0049,64975449.0,124146143.0,2932.06
r4-0050,496310743.0,607307436.0,4511.34
r4-0051,13243208.0,42072228.0,1973.57
r4-0052,13428341.0,44332121.0,2342.33
r4-0053,45206825.0,122793953.0,2863.24
r4-0054,168489125.0,220179751.0,3263.86
r4-0055,249198272.0,313953059.0,3265.93
r4-0056,23387380.0,71597344.0,2605.85
r4-0057,511274294.0,840648483.0,5199.37
r4-0058,126036419.0,185158103.0,3228.29
r4-0059,7131591.0,20425300.0,2296.89
r5-0000,126025280.0,198557752.0,3195.1
r5-0001,66385869.0,171370419.0,2989.22
r5-0002,7954997.0,22416317.0,2009.11
r5-0003,980572744.0,1343097064.0,6059.4
r5-0004,87581333.0,236139361.0,3223.55
r5-0005,129943193.0,284359305.0,3610.34
r5-0006,18249233.0,60540504.0,2513.81
r5-0007,8074337.0,29685715.0,2376.18
r5-0008,23286406.0,68297845.0,2487.63
r5-0009,85703984.0,141975115.0,3032.38
r5-0010,168497032.0,216694926.0,3249.16
r5-0011,13061603.0,37923472.0,2337.78
r5-0012,7991722.0,24891330.0,2426.33
r5-0013,13428211.0,47526891.0,2337.21
r5-0014,7626786.0,27349030.0,2319.57
r5-0015,127111194.0,193965743.0,2926.55
r5-0016,43722407.0,116319506.0,2852.13
r5-0017,45206726.0,120254925.0,2798.89
r5-0018,248086818.0,318825898.0,3635.64
r5-0019,44278300.0,115965972.0,2529.88
r5-0020,18400717.0,55899836.0,2527.14
r5-0021,166403545.0,255574501.0,3442.9
r5-0022,8137519.0,22870791.0,2345.8
r5-0023,10507382.0,31535498.0,2018.64
r5-0024,499702939.0,689531553.0,4144.32
r5-0025,7132500.0,20749147.0,2260.36
r5-0026,8611595.0,35931948.0,2348.9
r5-0027,64162870.0,109460930.0,2454.51
r5-0028,983065289.0,1225987979.0,5630.1
r5-0029,125500605.0,176265480.0,3244.24
r5-0030,495493316.0,607135953.0,4731.84
r5-0031,33502543.0,90655818.0,2632.43
r5-0032,7032996.0,21284452.0,1891.37
r5-0033,18166946.0,56419138.0,2442.5
r5-0034,1019712543.0,1226043271.0,6191.01
r5-0035,251308286.0,325745363.0,3579.71
r5-0036,24024935.0,74154165.0,2479.18
r5-0037,18718490.0,57948362.0,2517.26
r5-0038,43910647.0,120266404.0,2783.03
r5-0039,10775157.0,31882353.0,2358.99
r5-0040,23588660.0,71240147.0,2515.59
r5-0041,978797085.0,1182087387.0,7306.61
r5-0042,493301210.0,624222167.0,4806.07
r5-0043,13123526.0,40134439.0,2465.25
r5-0044,167108815.0,218830688.0,3278.29
r5-0045,13239255.0,42955321.0,2092.36
r5-0046,10650799.0,36519665.0,2493.82
r5-0047,84964343.0,167411883.0,3111.8
r5-0048,64434956.0,123200528.0,2825.02
r5-0049,10551660.0,31864130.0,2351.26
r5-0050,33647134.0,93361178.0,2425.92
r5-0051,257052955.0,384740483.0,4161.97
r5-0052,34609056.0,102409655.0,2710.18
r5-0053,249188007.0,325677616.0,3716.19
r5-0054,33919175.0,94059261.0,2402.1
r5-0055,511270512.0,647665576.0,4849.22
r5-0056,84611059.0,155590395.0,3083.6
r5-0057,23379874.0,71645998.0,2547.3
r5-0058,172317961.0,260436430.0,3610.23
r5-0059,64981614.0,124770847.0,2508.27
r6-0000,251313670.0,315814032.0,3427.49
r6-0001,13056404.0,38117133.0,2427.12
r6-0002,168514767.0,232191570.0,3337.32
r6-0003,499647656.0,620554775.0,4726.4
r6-0004,33924560.0,93366051.0,2627.85
r6-0005,10501475.0,30623547.0,2273.69
r6-0006,167121825.0,259329410.0,3647.95
r6-0007,987222863.0,1279666647.0,6889.63
r6-0008,8137567.0,22874133.0,2238.2
r6-0009,511273390.0,733283441.0,5104.2
r6-0010,10646702.0,35444240.0,2134.58
r6-0011,87580382.0,228734858.0,3366.79
r6-0012,13429093.0,52251286.0,2400.62
r6-0013,24025723.0,78334845.0,2542.11
r6-0014,982367860.0,1233090931.0,6917.2
r6-0015,18170980.0,54914834.0,2146.84
r6-0016,129941497.0,252630948.0,3528.74
r6-0017,172315928.0,287642585.0,3755.24
r6-0018,43720859.0,110741441.0,2756.78
r6-0019,23288500.0,71589099.0,2594.99
r6-0020,249250708.0,325882619.0,3197.65
r6-0021,493410947.0,609773407.0,4644.61
r6-0022,33641866.0,95151918.0,2730.01
r6-0023,10776068.0,32375957.0,2415.4
r6-0024,18246935.0,57087593.0,2477.37
r6-0025,7953678.0,23264280.0,2310.52
r6-0026,257052648.0,366746727.0,3920.45
r6-0027,7617851.0,28738103.0,2434.83
r6-0028,166457549.0,248593392.0,3533.39
r6-0029,85685263.0,150305676.0,3062.77
r6-0030,1019714463.0,1366421281.0,6305.57
r6-0031,23577681.0,71506691.0,2609.94
r6-0032,126031073.0,167366369.0,3184.82
r6-0033,64174057.0,123616678.0,2946.15
r6-0034,7993365.0,24808479.0,2378.52
r6-0035,33502376.0,94743345.0,2709.46
r6-0036,13119154.0,39828371.0,2454.88
r6-0037,64436845.0,129380106.0,2874.67
r6-0038,125498215.0,202754048.0,3338.99
r6-0039,8594640.0,36530954.0,2412.21
r6-0040,23384637.0,83601043.0,2557.86
r6-0041,34608155.0,98387424.0,2403.08
r6-0042,45206635.0,123635861.0,2436.11
r6-0043,8072493.0,34007432.0,2000.07
r6-0044,44280676.0,120767828.0,2780.83
r6-0045,127097521.0,194038384.0,3367.28
r6-0046,7032852.0,19637291.0,2292.06
r6-0047,995392951.0,1252429423.0,6299.42
r6-0048,13234187.0,41604072.0,2425.01
r6-0049,18400750.0,56645510.0,2576.84
r6-0050,64972266.0,130969820.0,2997.71
r6-0051,18721166.0,68679047.0,2499.27
r6-0052,248110614.0,309280262.0,3571.09
r6-0053,495552593.0,633411614.0,4661.72
r6-0054,84972987.0,142344688.0,3055.67
r6-0055,43907743.0,117900793.0,2698.18
r6-0056,84610939.0,128876224.0,2958.24
r6-0057,66385995.0,173486940.0,2978.11
r6-0058,10551728.0,31570670.0,2376.28
r6-0059,7133474.0,20761144.0,2297.84
r7-0000,84611658.0,136196716.0,3017.06
r7-0001,994779227.0,1266569370.0,6592.53
r7-0002,43903880.0,110973445.0,2841.72
r7-0003,24025913.0,76866048.0,2355.96
r7-0004,8612721.0,36890239.0,2405.34
r7-0005,13429208.0,40721126.0,2387.96
r7-0006,126033137.0,208529249.0,3461.04
r7-0007,18166740.0,57339505.0,2514.85
r7-0008,44270869.0,117764896.0,2799.38
r7-0009,257052430.0,397510678.0,4232.47
r7-0010,33499613.0,89826046.0,2669.27
r7-0011,125500755.0,214762547.0,3502.22
r7-0012,10500841.0,29726705.0,2368.92
r7-0013,13057350.0,38003689.0,2342.43
r7-0014,18718467.0,60713472.0,2498.17
r7-0015,127115254.0,181922589.0,3307.93
r7-0016,23382487.0,71532104.0,2571.08
r7-0017,251303280.0,318630917.0,3679.48
r7-0018,10776105.0,31628615.0,2338.49
r7-0019,43720778.0,121771125.0,2731.99
r7-0020,10548680.0,38499868.0,2382.53
r7-0021,7032880.0,19540929.0,2265.5
r7-0022,7618753.0,26303449.0,2374.94
r7-0023,34608188.0,100870006.0,2733.8
r7-0024,18241246.0,54750824.0,2525.68
r7-0025,499683729.0,675456035.0,4812.87
r7-0026,249294106.0,328608540.0,3819.4
r7-0027,7951696.0,21908288.0,2315.28
r7-0028,23283422.0,70045000.0,2629.95
r7-0029,33951809.0,97657291.0,2679.27
r7-0030,66384865.0,181491133.0,2907.32
r7-0031,85694759.0,143752207.0,3089.04
r7-0032,495456435.0,606970449.0,4663.37
r7-0033,13217931.0,41425728.0,2112.79
r7-0034,7133539.0,20754809.0,2312.33
r7-0035,493520985.0,625585879.0,4989.12
r7-0036,18398392.0,58101706.0,2534.94
r7-0037,33650824.0,93228171.0,2745.29
r7-0038,166365279.0,217050646.0,3185.81
r7-0039,172318878.0,276820696.0,3681.53
r7-0040,87581356.0,223246672.0,3214.72
r7-0041,8138398.0,22640201.0,2362.35
r7-0042,8066396.0,29427873.0,2433.05
r7-0043,982234975.0,1254469780.0,5376.89
r7-0044,10646647.0,34623464.0,2437.21
r7-0045,168493978.0,223455417.0,3270.28
r7-0046,84971204.0,146709195.0,3165.78
r7-0047,167108578.0,251096507.0,3523.18
r7-0048,13118175.0,39315409.0,2393.52
r7-0049,45207515.0,120452853.0,2871.08
r7-0050,1019718018.0,1246047068.0,7311.32
r7-0051,511272123.0,697533132.0,5292.8
r7-0052,973523721.0,1252878863.0,6636.69
r7-0053,248256119.0,344592802.0,4086.68
r7-0054,7995476.0,24452421.0,2373.11
r7-0055,129941415.0,248290172.0,3523.54
r7-0056,64448006.0,136925132.0,3008.57
r7-0057,64168483.0,131531899.0,2857.15
r7-0058,23587886.0,72129913.0,2574.51
r7-0059,64987836.0,124642117.0,2943.52
