arm,binary_sha256,cell,depth,error_note,family,fs,instr_u_per_op_estimates,ok,op,ops,request_size,sys_ns_per_op,total_bytes,user_ns_per_op,wall_ns_per_op_samples,word_sum,workers,write_verified
z2,7401213fd4eb618e673ef4cd810519cff9aa61eb9c90011425211be147bfc9d2,4Kd1,1,,re2u,btrfs,"[3852.0682002476283, 3852.068383353097]",True,read,65536,4096,989.4991787997159,268435456,1022.6287841796875,"[2189.0603942871094, 1997.6919403076172, 2005.9163665771484, 1992.6390228271484, 1990.3612823486328, 1994.7321166992188, 2011.0307922363281, 1991.3357849121094, 1990.898193359375, 2007.3448333740234, 2016.70361328125]",15932121819945435136,1,True
z1b,7401213fd4eb618e673ef4cd810519cff9aa61eb9c90011425211be147bfc9d2,4Kd1,1,,re2u,btrfs,"[1196.0675310407366, 1196.067613874163]",True,read,65536,4096,875.5382191051136,268435456,365.0152033025568,"[1239.5970458984375, 1238.0745239257812, 1261.325424194336, 1246.1688079833984, 1255.5889739990234, 1242.3734436035156, 1235.373275756836, 1234.3580322265625, 1229.1236572265625, 1241.0327758789062, 1259.9271850585938]",15932121819945435136,1,True
z1b,7401213fd4eb618e673ef4cd810519cff9aa61eb9c90011425211be147bfc9d2,4Kd1,1,,re2u,btrfs,"[714.0646711077009, 714.06545148577]",True,write,65536,4096,10148.420854048296,268435456,876.2151544744319,"[10739.807403564453, 11055.93002319336, 11062.197738647461, 11061.034530639648, 11049.099670410156, 11083.143539428711, 10353.241516113281, 10685.054672241211, 11667.708419799805, 12088.901351928711, 12068.698104858398]",,1,True
z2,7401213fd4eb618e673ef4cd810519cff9aa61eb9c90011425211be147bfc9d2,4Kd1,1,,re2u,btrfs,"[4211.065399169922, 4211.068215506418]",True,write,65536,4096,13497.940063476562,268435456,4368.5732754794035,"[13838.324478149414, 16769.581954956055, 20730.773483276367, 13654.300567626953, 14729.464096069336, 13114.124145507812, 14423.208557128906, 14790.047592163086, 17713.35140991211, 15910.144882202148, 15560.504913330078]",,1,True
z2,7401213fd4eb618e673ef4cd810519cff9aa61eb9c90011425211be147bfc9d2,4Kd8,8,,re2u,btrfs,"[3098.442328316825, 3098.44247000558]",True,read,65536,4096,692.9501620205966,268435456,479.9749200994318,"[1177.320816040039, 1173.7462615966797, 1172.7858581542969, 1188.4878234863281, 1170.9511260986328, 1187.0133361816406, 1167.6146697998047, 1169.068115234375, 1169.4146270751953, 1186.1878051757812, 1172.2010650634766]",15932121819945435136,1,True
z1b,7401213fd4eb618e673ef4cd810519cff9aa61eb9c90011425211be147bfc9d2,4Kd8,8,,re2u,btrfs,"[1096.9421844482422, 1096.9421016148158]",True,read,65536,4096,704.0183327414773,268435456,139.6387273615057,"[847.4624176025391, 843.3615417480469, 845.0225067138672, 858.9428100585938, 843.446533203125, 839.8315582275391, 866.2629852294922, 839.5188293457031, 839.4723205566406, 841.5366363525391, 839.5350036621094]",15932121819945435136,1,True
z1b,7401213fd4eb618e673ef4cd810519cff9aa61eb9c90011425211be147bfc9d2,4Kd8,8,,re2u,btrfs,"[677.4493996756418, 673.893306187221]",True,write,65536,4096,5070.9075927734375,268435456,600.4499955610795,"[3270.471160888672, 3252.8343963623047, 3263.0380859375, 3261.083984375, 3270.7516479492188, 3288.2525634765625, 3290.448989868164, 3284.5648498535156, 3277.857192993164, 3296.2745361328125, 3316.2540740966797]",,1,True
z2,7401213fd4eb618e673ef4cd810519cff9aa61eb9c90011425211be147bfc9d2,4Kd8,8,,re2u,btrfs,"[3210.8233773367747, 3120.8566611153738]",True,write,65536,4096,4586.0997980291195,268435456,1419.674960049716,"[3017.003646850586, 3031.2830657958984, 3013.6935272216797, 3013.488998413086, 3014.902816772461, 3015.4270935058594, 3026.8060607910156, 3003.0924072265625, 3010.8482360839844, 2978.011993408203, 2982.1160583496094]",,1,True
z1b,7401213fd4eb618e673ef4cd810519cff9aa61eb9c90011425211be147bfc9d2,64Kd2,2,,re2u,btrfs,"[14582.072684151786, 14582.07386997768]",True,read,4096,65536,6663.108132102273,268435456,2014.8703835227273,"[9528.30615234375, 8948.28857421875, 8560.3671875, 8553.7138671875, 8544.062744140625, 8542.440673828125, 8544.716796875, 8560.268798828125, 8826.129150390625, 8559.601806640625, 8548.18798828125]",15932121819945435136,1,True
z2,7401213fd4eb618e673ef4cd810519cff9aa61eb9c90011425211be147bfc9d2,64Kd2,2,,re2u,btrfs,"[16853.57052176339, 16853.570417131697]",True,read,4096,65536,6534.867720170455,268435456,2768.5102982954545,"[9288.467041015625, 9309.09130859375, 9300.58984375, 9285.969970703125, 9267.841064453125, 9288.96484375, 9369.1533203125, 9449.0927734375, 9302.741455078125, 9324.9609375, 9403.659423828125]",15932121819945435136,1,True
z2,7401213fd4eb618e673ef4cd810519cff9aa61eb9c90011425211be147bfc9d2,64Kd2,2,,re2u,btrfs,"[10484.002232142857, 10484.007777622768]",True,write,4096,65536,34015.15891335227,268435456,10518.754438920454,"[28950.861083984375, 28785.06396484375, 28799.0205078125, 28810.9853515625, 28796.9609375, 28711.9677734375, 28747.85009765625, 28608.185791015625, 28591.045166015625, 28720.5166015625, 28731.92724609375]",,1,True
z1b,7401213fd4eb618e673ef4cd810519cff9aa61eb9c90011425211be147bfc9d2,64Kd2,2,,re2u,btrfs,"[6985.008893694197, 6985.016357421875]",True,write,4096,65536,31017.15642755682,268435456,6007.013494318182,"[28458.44091796875, 28197.458984375, 28127.32421875, 28110.60888671875, 28096.87744140625, 28236.4501953125, 28061.84912109375, 27962.2451171875, 28028.27880859375, 28226.36962890625, 28235.067626953125]",,1,True
z2,7401213fd4eb618e673ef4cd810519cff9aa61eb9c90011425211be147bfc9d2,2Md1,1,,re2u,btrfs,"[461716.64229910716, 461716.65569196426]",True,read,512,2097152,250594.28267045456,1073741824,73087.890625,"[323512.810546875, 325998.12890625, 325373.427734375, 325587.0625, 325268.11328125, 324178.935546875, 323749.701171875, 324344.28125, 325424.693359375, 324536.0859375, 324629.18359375]",8388255058653085696,1,True
z1b,7401213fd4eb618e673ef4cd810519cff9aa61eb9c90011425211be147bfc9d2,2Md1,1,,re2u,btrfs,"[459060.6746651786, 459060.67996651784]",True,read,512,2097152,255196.91051136365,1073741824,67074.92897727272,"[322183.42578125, 323481.345703125, 324895.638671875, 322197.849609375, 324407.044921875, 322158.357421875, 323427.48828125, 323590.5859375, 324498.29296875, 322061.53515625, 324364.337890625]",8388255058653085696,1,True
z2,7401213fd4eb618e673ef4cd810519cff9aa61eb9c90011425211be147bfc9d2,2Md1,1,,re2u,btrfs,"[218715.50753348213, 218715.4662388393]",True,write,512,2097152,1146574.7514204546,1073741824,329782.1377840909,"[1356320.830078125, 1530461.4765625, 1406238.51171875, 1390433.318359375, 1537455.16796875, 1509745.689453125, 2343486.71484375, 1623919.72265625, 1627379.5703125, 1508673.48828125, 1425073.423828125]",,1,True
z1b,7401213fd4eb618e673ef4cd810519cff9aa61eb9c90011425211be147bfc9d2,2Md1,1,,re2u,btrfs,"[215220.46121651787, 215220.396484375]",True,write,512,2097152,1350367.7201704546,1073741824,348883.16761363635,"[1616651.337890625, 2904461.298828125, 2249054.56640625, 2291755.1328125, 1649027.05859375, 1639274.3828125, 1628953.173828125, 1621009.271484375, 1629327.9765625, 3295960.59765625, 3511322.0234375]",,1,True
z1b,7401213fd4eb618e673ef4cd810519cff9aa61eb9c90011425211be147bfc9d2,2Md2,2,,re2u,btrfs,"[459005.68191964284, 459005.67801339284]",True,read,512,2097152,251246.09375,1073741824,71664.24005681818,"[325557.875, 324483.357421875, 323155.951171875, 322736.970703125, 324777.255859375, 323138.080078125, 324625.611328125, 324741.7890625, 322955.021484375, 323067.10546875, 324806.884765625]",8388255058653085696,1,True
z2,7401213fd4eb618e673ef4cd810519cff9aa61eb9c90011425211be147bfc9d2,2Md2,2,,re2u,btrfs,"[461277.15206473216, 461277.1484375]",True,read,512,2097152,255155.53977272726,1073741824,67227.27272727272,"[321695.486328125, 324392.01953125, 322742.349609375, 321730.09765625, 321908.0625, 323527.201171875, 321587.330078125, 332456.171875, 324228.95703125, 322805.296875, 322974.828125]",8388255058653085696,1,True
z1b,7401213fd4eb618e673ef4cd810519cff9aa61eb9c90011425211be147bfc9d2,2Md2,2,,re2u,btrfs,"[215220.181640625, 215220.34068080358]",True,write,512,2097152,815857.7769886364,1073741824,212508.8778409091,"[801349.263671875, 802222.931640625, 803598.865234375, 801819.962890625, 800346.4375, 801207.5234375, 801999.861328125, 804554.591796875, 807330.10546875, 805378.16015625, 811978.771484375]",,1,True
z2,7401213fd4eb618e673ef4cd810519cff9aa61eb9c90011425211be147bfc9d2,2Md2,2,,re2u,btrfs,"[218719.3052455357, 218719.2876674107]",True,write,512,2097152,846025.5681818182,1073741824,290815.5184659091,"[810190.90234375, 807567.53515625, 807337.921875, 808314.513671875, 808544.984375, 803775.0859375, 809032.083984375, 809731.486328125, 807469.36328125, 912291.142578125, 860937.79296875]",,1,True
z2,7401213fd4eb618e673ef4cd810519cff9aa61eb9c90011425211be147bfc9d2,4Kd1,1,,re2u,tmpfs,"[4685.07243347168, 4685.0727778843475]",True,read,65536,4096,9814.075816761364,268435456,4107.183283025568,"[10470.190170288086, 12460.210388183594, 13536.391098022461, 15711.903610229492, 10168.334747314453, 10500.258575439453, 9447.19418334961, 12846.048889160156, 13861.554656982422, 13580.946685791016, 13122.356460571289]",15932121819945435136,1,True
z1b,7401213fd4eb618e673ef4cd810519cff9aa61eb9c90011425211be147bfc9d2,4Kd1,1,,re2u,tmpfs,"[1196.0706285749163, 1196.0691419328962]",True,read,65536,4096,8223.524613813921,268435456,1832.6679576526988,"[8799.612777709961, 10021.44206237793, 10502.417709350586, 11054.942901611328, 11123.796569824219, 11020.347366333008, 11100.825698852539, 11081.594772338867, 9548.213729858398, 7391.374893188477, 8826.116424560547]",15932121819945435136,1,True
z1b,7401213fd4eb618e673ef4cd810519cff9aa61eb9c90011425211be147bfc9d2,4Kd1,1,,re2u,tmpfs,"[714.0645032610212, 714.0650394984654]",True,write,65536,4096,7705.044833096591,268435456,839.0405828302556,"[8207.092544555664, 7812.083465576172, 8043.000473022461, 8642.034454345703, 8648.563949584961, 9079.07438659668, 10213.895751953125, 10659.24446105957, 7487.257797241211, 7849.388198852539, 7761.52766418457]",,1,True
z2,7401213fd4eb618e673ef4cd810519cff9aa61eb9c90011425211be147bfc9d2,4Kd1,1,,re2u,tmpfs,"[4211.056383405413, 4211.079182216099]",True,write,65536,4096,12612.529407848011,268435456,4549.9225963245735,"[14218.899169921875, 17694.45376586914, 16226.878021240234, 15412.962890625, 17282.04867553711, 15467.541870117188, 15236.144287109375, 12999.264144897461, 12527.280822753906, 14406.828353881836, 15694.883911132812]",,1,True
z2,7401213fd4eb618e673ef4cd810519cff9aa61eb9c90011425211be147bfc9d2,4Kd8,8,,re2u,tmpfs,"[3244.1248735700333, 3228.305356706892]",True,read,65536,4096,2911.471280184659,268435456,993.5427579012784,"[2275.798309326172, 2263.842559814453, 2259.665069580078, 2255.451385498047, 2249.4779357910156, 2247.469436645508, 2263.374755859375, 2266.5509490966797, 2256.6571197509766, 2266.694869995117, 2251.977783203125]",15932121819945435136,1,True
z1b,7401213fd4eb618e673ef4cd810519cff9aa61eb9c90011425211be147bfc9d2,4Kd8,8,,re2u,tmpfs,"[1105.4442334856305, 1110.1021292550224]",True,read,65536,4096,2427.0518909801135,268435456,589.8617831143466,"[1746.8070526123047, 1764.2132110595703, 1705.361572265625, 1630.5516967773438, 1633.0845794677734, 1630.8509979248047, 1635.6890869140625, 1647.3040618896484, 1639.3274688720703, 1647.72705078125, 1623.7167358398438]",15932121819945435136,1,True
z1b,7401213fd4eb618e673ef4cd810519cff9aa61eb9c90011425211be147bfc9d2,4Kd8,8,,re2u,tmpfs,"[629.9668753487723, 631.035908290318]",True,write,65536,4096,2529.233065518466,268435456,551.1932373046875,"[1800.198013305664, 1801.3814392089844, 1648.440689086914, 1636.5739288330078, 1639.3489837646484, 1657.9766998291016, 1642.7082061767578, 1654.643310546875, 1661.8224487304688, 1652.2188720703125, 1660.0221405029297]",,1,True
z2,7401213fd4eb618e673ef4cd810519cff9aa61eb9c90011425211be147bfc9d2,4Kd8,8,,re2u,tmpfs,"[2744.3383265904017, 2735.1873059953964]",True,write,65536,4096,2889.2433860085225,268435456,1023.377852006392,"[2209.531997680664, 2191.2605895996094, 2199.740737915039, 2233.8768920898438, 2243.0955352783203, 2270.4591522216797, 2250.9198455810547, 2250.241409301758, 2246.5750274658203, 2246.1856536865234, 2250.440673828125]",,1,True
z2,7401213fd4eb618e673ef4cd810519cff9aa61eb9c90011425211be147bfc9d2,64Kd2,2,,re2u,tmpfs,"[17765.659772600447, 17724.083147321428]",True,read,4096,65536,14642.66690340909,268435456,6720.458984375,"[13109.815185546875, 12932.029296875, 12783.19921875, 11545.764404296875, 10939.873046875, 10735.204345703125, 10777.4658203125, 10742.74169921875, 10725.541015625, 10742.508056640625, 10981.539794921875]",15932121819945435136,1,True
z1b,7401213fd4eb618e673ef4cd810519cff9aa61eb9c90011425211be147bfc9d2,64Kd2,2,,re2u,tmpfs,"[14637.090750558036, 14637.061488560268]",True,read,4096,65536,12900.412819602272,268435456,4755.548650568182,"[11172.443603515625, 11189.941650390625, 11106.13916015625, 10655.84765625, 10624.956787109375, 10646.919189453125, 10645.920166015625, 10735.299072265625, 10652.10107421875, 10592.540283203125, 10554.383544921875]",15932121819945435136,1,True
z2,7401213fd4eb618e673ef4cd810519cff9aa61eb9c90011425211be147bfc9d2,64Kd2,2,,re2u,tmpfs,"[10068.74574497768, 10069.38804408482]",True,write,4096,65536,15623.734907670454,268435456,8029.119318181818,"[13316.711181640625, 12948.9462890625, 12782.087890625, 12859.632080078125, 12361.125244140625, 12433.372802734375, 12409.704345703125, 12397.22021484375, 12333.056884765625, 12604.29443359375, 12337.314697265625]",,1,True
z1b,7401213fd4eb618e673ef4cd810519cff9aa61eb9c90011425211be147bfc9d2,64Kd2,2,,re2u,tmpfs,"[6985.056919642857, 6985.06787109375]",True,write,4096,65536,14254.039417613636,268435456,5618.252840909091,"[12863.828857421875, 12733.986328125, 12365.049072265625, 12076.095947265625, 11870.028076171875, 11830.04931640625, 11795.45166015625, 11861.490478515625, 11805.12744140625, 11901.1884765625, 11906.75830078125]",,1,True
z2,7401213fd4eb618e673ef4cd810519cff9aa61eb9c90011425211be147bfc9d2,2Md1,1,,re2u,tmpfs,"[462549.94949776784, 462549.8624441964]",True,read,512,2097152,730602.0951704546,1073741824,196813.74289772726,"[948398.263671875, 940878.06640625, 977625.9765625, 984644.1484375, 964836.3125, 984000.6171875, 975584.603515625, 955939.79296875, 960205.5078125, 974475.05859375, 976889.400390625]",8388255058653085696,1,True
z1b,7401213fd4eb618e673ef4cd810519cff9aa61eb9c90011425211be147bfc9d2,2Md1,1,,re2u,tmpfs,"[459060.6515066964, 459060.71456473216]",True,read,512,2097152,735853.8707386364,1073741824,210810.90198863635,"[973043.7265625, 1010548.404296875, 1014546.876953125, 1020065.365234375, 1016431.619140625, 1000510.12890625, 1020868.986328125, 983245.3359375, 978170.8125, 964447.6796875, 961784.3515625]",8388255058653085696,1,True
z2,7401213fd4eb618e673ef4cd810519cff9aa61eb9c90011425211be147bfc9d2,2Md1,1,,re2u,tmpfs,"[218715.49832589287, 218715.48995535713]",True,write,512,2097152,806958.2741477273,1073741824,399113.63636363635,"[1247910.67578125, 1258302.837890625, 1265810.94921875, 1248348.2421875, 1257761.525390625, 1261852.4921875, 1258777.900390625, 1257233.93359375, 1247272.736328125, 1255084.517578125, 1282359.150390625]",,1,True
z1b,7401213fd4eb618e673ef4cd810519cff9aa61eb9c90011425211be147bfc9d2,2Md1,1,,re2u,tmpfs,"[215220.5337611607, 215220.51199776787]",True,write,512,2097152,765292.96875,1073741824,415693.00426136365,"[1248855.552734375, 1248972.240234375, 1250136.94140625, 1249378.373046875, 1250077.7421875, 1249880.509765625, 1249189.427734375, 1249897.41015625, 1249120.255859375, 1249457.962890625, 1201316.779296875]",,1,True
z2,7401213fd4eb618e673ef4cd810519cff9aa61eb9c90011425211be147bfc9d2,2Md2,2,,re2u,tmpfs,"[462553.70758928574, 462553.65569196426]",True,read,512,2097152,380594.4602272727,1073741824,203428.7997159091,"[406261.6875, 369586.248046875, 373478.66796875, 370364.28515625, 369714.708984375, 371463.109375, 370423.017578125, 373033.900390625, 371315.517578125, 370399.08984375, 371536.3984375]",8388255058653085696,1,True
z1b,7401213fd4eb618e673ef4cd810519cff9aa61eb9c90011425211be147bfc9d2,2Md2,2,,re2u,tmpfs,"[459060.70479910716, 459060.7061941964]",True,read,512,2097152,370561.6122159091,1073741824,104425.07102272728,"[344706.36328125, 348271.849609375, 346826.421875, 345244.830078125, 346391.24609375, 346739.099609375, 345222.4609375, 348696.634765625, 345257.181640625, 345411.443359375, 347857.2578125]",8388255058653085696,1,True
z1b,7401213fd4eb618e673ef4cd810519cff9aa61eb9c90011425211be147bfc9d2,2Md2,2,,re2u,tmpfs,"[215220.3032924107, 215220.30831473213]",True,write,512,2097152,315887.4289772727,1073741824,189161.0440340909,"[327668.31640625, 326510.23828125, 326550.029296875, 327518.72265625, 319246.990234375, 320376.2578125, 318177.4140625, 327748.310546875, 327650.763671875, 327571.1484375, 327194.083984375]",,1,True
z2,7401213fd4eb618e673ef4cd810519cff9aa61eb9c90011425211be147bfc9d2,2Md2,2,,re2u,tmpfs,"[218718.70228794642, 218719.4419642857]",True,write,512,2097152,324303.6221590909,1073741824,217493.60795454544,"[320675.2265625, 321966.677734375, 325449.470703125, 326614.904296875, 317543.638671875, 325437.28125, 325502.357421875, 322418.865234375, 324863.185546875, 324086.935546875, 317123.0859375]",,1,True
