phase,arm,size,slots,regime,ops_per_rep,kc,window_bytes,alloc_ns_median,alloc_ns_mad,alloc_ns_per_buffer,io_ns_median,io_ns_mad,io_ns_per_first_read,io_ns_per_op,total_to_first_io_ns_median,total_to_first_io_ns_mad,total_to_first_io_ns_per_buffer,touch_ns_median,touch_ns_mad,touch_ns_per_page,destroy_ns_median,minflt_alloc_median,minflt_io_median,minflt_touch_median,minflt_total_median,construct_ns,construct_minflt,prefault_ns,prefault_minflt,instructions_per_unit,cycles_per_unit
A,b0,4096,1,pinned,1,,,5505.0,311.5,5505.0,,,,,,,,,,,4424.0,2.0,,,,,,,,336555.28571428574,87968.14285714286
A,b0,4096,8,pinned,8,,,41846.5,3106.0,5230.8125,,,,,,,,,,,26496.0,16.0,,,,,,,,33925.5,15413.607142857143
A,b0,4096,32,pinned,32,,,150947.5,1472.5,4717.109375,,,,,,,,,,,113620.5,64.0,,,,,,,,9653.72767857143,6045.758928571428
A,b0,4096,128,pinned,128,,,613731.5,21376.5,4794.77734375,,,,,,,,,,,624166.5,256.0,,,,,,,,1974.0200892857142,3232.1428571428573
A,b0,65536,1,pinned,1,,,29978.0,2389.5,29978.0,,,,,,,,,,,8005.5,17.0,,,,,,,,344415.0,177463.42857142858
A,b0,65536,8,pinned,8,,,215423.0,2745.5,26927.875,,,,,,,,,,,62942.5,136.0,,,,,,,,28667.928571428572,28856.053571428572
A,b0,65536,32,pinned,32,,,884822.5,21071.0,27650.703125,,,,,,,,,,,256011.5,544.0,,,,,,,,14659.513392857143,19161.879464285714
A,b0,65536,128,pinned,128,,,4811312.5,412535.0,37588.37890625,,,,,,,,,,,1699223.5,2176.0,,,,,,,,9091.36049107143,22663.953125
A,b0,1048576,1,pinned,1,,,433887.5,23255.5,433887.5,,,,,,,,,,,65842.5,257.0,,,,,,,,232042.7142857143,301009.85714285716
A,b0,1048576,8,pinned,8,,,3560489.0,203159.0,445061.125,,,,,,,,,,,674894.5,2056.0,,,,,,,,79545.10714285714,229715.01785714287
A,b0,1048576,32,pinned,32,,,15152567.5,164492.5,473517.734375,,,,,,,,,,,2628085.5,8224.0,,,,,,,,67877.77678571429,239447.15625
A,b0,1048576,128,pinned,128,,,65804387.5,2522665.0,514096.77734375,,,,,,,,,,,12233293.5,32896.0,,,,,,,,59069.484375,219249.65066964287
A,b1,4096,1,pinned,1,,,3647.0,120.0,3647.0,,,,,,,,,,,4303.5,1.0,,,,,,,,635209.2857142857,174104.7142857143
A,b1,4096,8,pinned,8,,,26577.0,2625.5,3322.125,,,,,,,,,,,23946.5,8.0,,,,,,,,31217.01785714286,13624.92857142857
A,b1,4096,32,pinned,32,,,100054.0,817.0,3126.6875,,,,,,,,,,,97384.0,32.0,,,,,,,,19343.57589285714,7223.691964285715
A,b1,4096,128,pinned,128,,,401093.5,11161.5,3133.54296875,,,,,,,,,,,426102.0,128.0,,,,,,,,2322.6350446428573,1599.318080357143
A,b1,65536,1,pinned,1,,,4068.0,431.0,4068.0,,,,,,,,,,,5936.5,1.0,,,,,,,,273726.28571428574,52144.0
A,b1,65536,8,pinned,8,,,28390.0,1337.0,3548.75,,,,,,,,,,,25764.5,8.0,,,,,,,,36720.857142857145,13361.267857142857
A,b1,65536,32,pinned,32,,,104843.5,2485.0,3276.359375,,,,,,,,,,,103400.5,32.0,,,,,,,,3079.3526785714284,3728.4241071428573
A,b1,65536,128,pinned,128,,,555558.5,46951.5,4340.30078125,,,,,,,,,,,586153.0,128.0,,,,,,,,1098.802455357143,-333.59263392857144
A,b1,1048576,1,pinned,1,,,5531.0,370.5,5531.0,,,,,,,,,,,4403.0,1.0,,,,,,,,219371.42857142858,86575.42857142857
A,b1,1048576,8,pinned,8,,,33530.0,1984.5,4191.25,,,,,,,,,,,32748.5,8.0,,,,,,,,-921.8928571428571,5590.696428571428
A,b1,1048576,32,pinned,32,,,132742.5,19803.0,4148.203125,,,,,,,,,,,167450.0,32.0,,,,,,,,13380.901785714286,6685.616071428572
A,b1,1048576,128,pinned,128,,,604524.0,37016.5,4722.84375,,,,,,,,,,,716356.5,128.0,,,,,,,,3429.331473214286,4176.949776785715
A,b2,4096,1,pinned,1,,,2074.0,205.5,2074.0,,,,,,,,,,,2811.0,0.0,,,,,,,,489056.4285714286,158891.85714285713
A,b2,4096,8,pinned,8,,,11387.0,105.0,1423.375,,,,,,,,,,,19518.0,0.0,,,,,,,,19608.964285714286,8309.32142857143
A,b2,4096,32,pinned,32,,,41330.0,180.0,1291.5625,,,,,,,,,,,78096.5,0.0,,,,,,,,13257.191964285714,4635.334821428572
A,b2,4096,128,pinned,128,,,162110.0,1858.5,1266.484375,,,,,,,,,,,312160.5,0.0,,,,,,,,3436.7957589285716,1317.349330357143
A,b2,65536,1,pinned,1,,,1673.0,90.0,1673.0,,,,,,,,,,,3081.0,0.0,,,,,,,,207238.7142857143,116719.0
A,b2,65536,8,pinned,8,,,11066.5,310.5,1383.3125,,,,,,,,,,,19132.0,0.0,,,,,,,,17861.321428571428,-3181.785714285714
A,b2,65536,32,pinned,32,,,41135.0,451.0,1285.46875,,,,,,,,,,,72019.5,0.0,,,,,,,,8504.642857142857,4041.3214285714284
A,b2,65536,128,pinned,128,,,184113.0,11202.5,1438.3828125,,,,,,,,,,,296921.0,0.0,,,,,,,,4827.558035714285,1775.0814732142858
A,b2,1048576,1,pinned,1,,,2004.0,155.5,2004.0,,,,,,,,,,,1828.5,0.0,,,,,,,,256121.57142857142,128914.14285714286
A,b2,1048576,8,pinned,8,,,12459.0,536.0,1557.375,,,,,,,,,,,19302.5,0.0,,,,,,,,29748.64285714286,9629.19642857143
A,b2,1048576,32,pinned,32,,,47823.0,732.0,1494.46875,,,,,,,,,,,84138.0,0.0,,,,,,,,3928.8660714285716,3806.375
A,b2,1048576,128,pinned,128,,,150136.5,1517.5,1172.94140625,,,,,,,,,,,253703.0,0.0,,,,,,,,1375.5580357142858,320.4140625
A,b3,4096,1,pinned,1,,,3732.5,155.5,3732.5,,,,,,,,,,,3953.0,1.0,,,,,,,,92646.42857142857,39946.28571428572
A,b3,4096,8,pinned,8,,,26255.5,1462.5,3281.9375,,,,,,,,,,,25023.5,8.0,,,,,,,,38195.16071428572,17717.85714285714
A,b3,4096,32,pinned,32,,,101702.0,1317.5,3178.1875,,,,,,,,,,,102724.5,32.0,,,,,,,,2862.433035714286,4214.428571428572
A,b3,4096,128,pinned,128,,,417605.5,7444.5,3262.54296875,,,,,,,,,,,442794.5,128.0,,,,,,,,3077.5323660714284,2407.245535714286
A,b3,65536,1,pinned,1,,,3838.0,205.0,3838.0,,,,,,,,,,,4459.0,1.0,,,,,,,,636984.5714285715,241990.0
A,b3,65536,8,pinned,8,,,25259.0,1673.0,3157.375,,,,,,,,,,,24492.5,8.0,,,,,,,,33573.0,14562.642857142857
A,b3,65536,32,pinned,32,,,125784.5,6448.0,3930.765625,,,,,,,,,,,122197.0,32.0,,,,,,,,10823.214285714286,5752.227678571428
A,b3,65536,128,pinned,128,,,453741.0,21121.5,3544.8515625,,,,,,,,,,,458390.0,128.0,,,,,,,,1934.9229910714287,642.0479910714286
A,b3,1048576,1,pinned,1,,,5991.5,576.5,5991.5,,,,,,,,,,,4994.5,1.0,,,,,,,,500787.5714285714,53773.142857142855
A,b3,1048576,8,pinned,8,,,36711.5,2369.5,4588.9375,,,,,,,,,,,36149.5,8.0,,,,,,,,41423.96428571428,17205.035714285714
A,b3,1048576,32,pinned,32,,,135342.5,4899.5,4229.453125,,,,,,,,,,,160852.0,32.0,,,,,,,,9153.11607142857,1612.8526785714287
A,b3,1048576,128,pinned,128,,,556611.0,22609.0,4348.5234375,,,,,,,,,,,647412.5,128.0,,,,,,,,2573.6897321428573,2838.4285714285716
B,b0,4096,1,pinned,1,,,5240.5,186.5,5240.5,2013.5,100.5,2013.5,,7359.0,310.5,7359.0,,,,4384.0,2.0,,,2.0,,,,,378784.0,128520.28571428571
B,b0,4096,8,pinned,8,,,42237.5,2054.0,5279.6875,13466.5,451.5,1683.3125,,55918.5,2144.0,6989.8125,,,,28901.0,16.0,,,16.0,,,,,85953.51785714286,52410.46428571428
B,b0,4096,32,pinned,32,,,153473.0,4058.0,4796.03125,52106.0,331.0,1628.3125,,207042.0,6232.5,6470.0625,,,,118500.0,64.0,,,64.0,,,,,52972.93303571428,39719.75446428572
B,b0,4096,128,pinned,128,,,586443.5,9938.5,4581.58984375,216299.5,10135.0,1689.83984375,,804831.5,16632.5,6287.74609375,,,,463985.0,256.0,,,256.0,,,,,45188.40959821428,36496.088169642855
B,b0,65536,1,pinned,1,,,31647.0,3913.0,31647.0,19112.0,521.0,19112.0,,50643.5,4123.5,50643.5,,,,9453.5,17.0,,,17.0,,,,,1033765.0,664897.8571428572
B,b0,65536,8,pinned,8,,,227351.0,5721.0,28418.875,156533.5,4969.0,19566.6875,,384887.5,14158.0,48110.9375,,,,66930.0,136.0,,,136.0,,,,,739384.8035714285,569399.9464285715
B,b0,65536,32,pinned,32,,,933347.0,54912.5,29167.09375,759429.0,36581.0,23732.15625,,1720790.0,102018.0,53774.6875,,,,323402.5,544.0,,,544.0,,,,,681512.4241071428,546246.4732142857
B,b0,65536,128,pinned,128,,,4678447.5,491296.0,36550.37109375,3651848.0,130242.5,28530.0625,,8291623.0,372854.0,64778.3046875,,,,1490072.0,2176.0,,,2176.0,,,,,677163.8727678572,549559.7935267857
B,b0,1048576,1,pinned,1,,,401063.0,15309.5,401063.0,338191.5,21837.5,338191.5,,738062.0,33790.5,738062.0,,,,65582.0,257.0,,,257.0,,,,,11345691.142857144,8815215.0
B,b0,1048576,8,pinned,8,,,3681365.5,130784.0,460170.6875,3284058.5,147812.0,410507.3125,,6925552.0,264679.0,865694.0,,,,704607.5,2056.0,,,2056.0,,,,,10829175.17857143,8671444.5
B,b0,1048576,32,pinned,32,,,15883940.0,725417.5,496373.125,11771763.5,650592.5,367867.609375,,28029624.0,1509189.5,875925.75,,,,2788387.5,8224.0,,,8224.0,,,,,10811384.691964285,8618032.160714285
B,b0,1048576,128,pinned,128,,,62937008.0,1242509.5,491695.375,49310675.5,1032520.0,385239.65234375,,112825967.5,2364344.0,881452.87109375,,,,11726063.0,32896.0,,,32896.0,,,,,10807743.705357144,8679439.24107143
B,b1,4096,1,pinned,1,,,3582.0,156.0,3582.0,4098.0,346.0,4098.0,,7725.0,371.0,7725.0,,,,4404.0,1.0,1.0,,2.0,,,,,354247.4285714286,155522.85714285713
B,b1,4096,8,pinned,8,,,24513.0,1093.0,3064.125,29142.0,3031.5,3642.75,,55392.5,3968.5,6924.0625,,,,28785.5,8.0,8.0,,16.0,,,,,102132.01785714286,54659.78571428572
B,b1,4096,32,pinned,32,,,98596.5,2489.5,3081.140625,106922.5,1953.5,3341.328125,,210097.5,7183.0,6565.546875,,,,114767.5,32.0,32.0,,64.0,,,,,60073.46875,40004.67857142857
B,b1,4096,128,pinned,128,,,392732.0,7729.5,3068.21875,440229.5,23030.0,3439.29296875,,834309.5,32899.0,6518.04296875,,,,476715.0,128.0,128.0,,256.0,,,,,47303.60491071428,35778.91294642857
B,b1,65536,1,pinned,1,,,3803.0,311.5,3803.0,45428.0,911.5,45428.0,,49360.5,1523.5,49360.5,,,,9203.0,1.0,16.0,,17.0,,,,,862582.1428571428,656198.5714285715
B,b1,65536,8,pinned,8,,,26116.0,1388.0,3264.5,370343.5,30760.0,46292.9375,,396108.5,32854.5,49513.5625,,,,86603.0,8.0,128.0,,136.0,,,,,706010.0357142857,547587.7857142857
B,b1,65536,32,pinned,32,,,104573.0,3582.0,3267.90625,1503017.0,67942.0,46969.28125,,1608497.0,67325.5,50265.53125,,,,315046.5,32.0,512.0,,544.0,,,,,687174.9151785715,528663.5223214285
B,b1,65536,128,pinned,128,,,483077.0,39977.5,3774.0390625,7075273.0,362679.5,55275.5703125,,7629117.5,286350.0,59602.48046875,,,,1432099.0,128.0,2048.0,,2176.0,,,,,677709.796875,534329.7756696428
B,b1,1048576,1,pinned,1,,,5731.0,556.0,5731.0,651103.5,21792.5,651103.5,,656484.5,21788.0,656484.5,,,,67556.0,1.0,256.0,,257.0,,,,,11268919.0,8574034.857142856
B,b1,1048576,8,pinned,8,,,32613.0,1232.0,4076.625,6144991.5,86122.0,768123.9375,,6186186.0,92924.5,773273.25,,,,747200.5,8.0,2048.0,,2056.0,,,,,10795772.160714285,8420899.125
B,b1,1048576,32,pinned,32,,,129917.5,7740.5,4059.921875,24554143.5,532259.0,767316.984375,,24672909.0,524243.5,771028.40625,,,,2769765.5,32.0,8192.0,,8224.0,,,,,10756263.232142856,8415023.276785715
B,b1,1048576,128,pinned,128,,,514984.5,15339.5,4023.31640625,103494543.0,1537268.0,808551.1171875,,104037070.5,1557382.0,812789.61328125,,,,11565509.0,128.0,32768.0,,32896.0,,,,,10750184.20200893,8411487.396205356
B,b2,4096,1,pinned,1,,,2099.0,200.5,2099.0,3341.0,190.5,3341.0,,5496.0,405.5,5496.0,,,,4007.5,0.0,1.0,,1.0,,,,,115202.28571428571,6474.285714285715
B,b2,4096,8,pinned,8,,,11647.0,136.0,1455.875,20750.0,1077.5,2593.75,,32493.5,1278.0,4061.6875,,,,24102.0,0.0,8.0,,8.0,,,,,74095.28571428571,45943.94642857143
B,b2,4096,32,pinned,32,,,42783.0,1142.0,1336.96875,79910.0,1928.5,2497.1875,,123389.5,2655.5,3855.921875,,,,102714.5,0.0,32.0,,32.0,,,,,45107.05357142857,35383.90625
B,b2,4096,128,pinned,128,,,164659.5,1567.5,1286.40234375,319900.5,9909.5,2499.22265625,,490692.0,11200.5,3833.53125,,,,428131.0,0.0,128.0,,128.0,,,,,44984.4609375,34607.59263392857
B,b2,65536,1,pinned,1,,,1728.0,36.0,1728.0,29918.0,4629.5,29918.0,,31646.0,4969.5,31646.0,,,,8140.5,0.0,16.0,,16.0,,,,,953827.8571428572,650943.5714285715
B,b2,65536,8,pinned,8,,,10580.5,85.5,1322.5625,214316.0,15099.0,26789.5,,230783.0,19377.5,28847.875,,,,63643.5,0.0,128.0,,128.0,,,,,703267.7321428572,528524.4285714285
B,b2,65536,32,pinned,32,,,43274.5,692.0,1352.328125,1166614.5,91648.0,36456.703125,,1209813.0,94038.0,37806.65625,,,,360775.5,0.0,512.0,,512.0,,,,,681654.2008928572,536174.0535714285
B,b2,65536,128,pinned,128,,,162666.0,4354.0,1270.828125,4850738.0,295819.5,37896.390625,,5010748.5,297272.0,39146.47265625,,,,1341818.5,0.0,2048.0,,2048.0,,,,,673257.1116071428,528466.2522321428
B,b2,1048576,1,pinned,1,,,1864.0,131.0,1864.0,412600.5,28249.5,412600.5,,414344.0,28806.0,414344.0,,,,61895.0,0.0,256.0,,256.0,,,,,11098178.714285715,8535078.285714285
B,b2,1048576,8,pinned,8,,,11627.5,786.5,1453.4375,4432578.0,209060.5,554072.25,,4444731.5,210316.5,555591.4375,,,,745752.0,0.0,2048.0,,2048.0,,,,,10781494.660714285,8445122.357142856
B,b2,1048576,32,pinned,32,,,42402.5,1558.0,1325.078125,17972553.5,853530.5,561642.296875,,18024765.0,866581.0,563273.90625,,,,2963586.0,0.0,8192.0,,8192.0,,,,,10756716.370535715,8434078.080357144
B,b2,1048576,128,pinned,128,,,164304.5,5441.0,1283.62890625,70480644.0,997603.0,550630.03125,,70652122.0,1001650.5,551969.703125,,,,10861074.5,0.0,32768.0,,32768.0,,,,,10750825.65625,8415285.722098215
B,b3,4096,1,pinned,1,,,3687.0,245.0,3687.0,3211.5,195.5,3211.5,,6978.0,480.0,6978.0,,,,4604.0,1.0,1.0,,2.0,,,,,703032.1428571428,264195.0
B,b3,4096,8,pinned,8,,,26752.0,2635.5,3344.0,20239.5,1683.5,2529.9375,,48148.0,4588.5,6018.5,,,,28435.5,8.0,8.0,,16.0,,,,,83866.69642857143,48709.142857142855
B,b3,4096,32,pinned,32,,,103405.0,3081.0,3231.40625,83853.0,4168.5,2620.40625,,189203.0,9113.5,5912.59375,,,,120854.5,32.0,32.0,,64.0,,,,,52741.82142857143,38536.74107142857
B,b3,4096,128,pinned,128,,,407992.5,11918.0,3187.44140625,330005.5,20660.0,2578.16796875,,735227.0,25880.0,5743.9609375,,,,468183.5,128.0,128.0,,256.0,,,,,45293.91741071428,34975.0546875
B,b3,65536,1,pinned,1,,,10806.0,2369.5,10806.0,66308.0,4754.0,66308.0,,75852.5,4403.0,75852.5,,,,27393.0,1.0,16.0,,17.0,,,,,797518.8571428572,858483.1428571428
B,b3,65536,8,pinned,8,,,30108.5,6002.0,3763.5625,238874.0,27774.0,29859.25,,264804.0,28570.5,33100.5,,,,67420.5,8.0,128.0,,136.0,,,,,725816.8392857143,560541.0
B,b3,65536,32,pinned,32,,,106541.5,4814.5,3329.421875,999901.0,78129.0,31246.90625,,1111437.5,95328.0,34732.421875,,,,292768.0,32.0,512.0,,544.0,,,,,677553.7276785715,530649.0267857143
B,b3,65536,128,pinned,128,,,460473.5,14958.5,3597.44921875,5058270.5,337530.5,39517.73828125,,5541087.0,358155.0,43289.7421875,,,,1657706.5,128.0,2048.0,,2176.0,,,,,674818.0970982143,528805.25
B,b3,1048576,1,pinned,1,,,3982.5,395.5,3982.5,418502.0,35023.0,418502.0,,422820.0,35127.5,422820.0,,,,65747.5,1.0,256.0,,257.0,,,,,10961995.57142857,8482900.285714285
B,b3,1048576,8,pinned,8,,,31340.5,1492.5,3917.5625,4169698.0,125884.0,521212.25,,4204004.5,121981.5,525500.5625,,,,739750.5,8.0,2048.0,,2056.0,,,,,10768494.410714285,8418819.5
B,b3,1048576,32,pinned,32,,,152365.5,14268.5,4761.421875,20609182.0,2604976.0,644036.9375,,20748978.0,2654046.5,648405.5625,,,,3464928.0,32.0,8192.0,,8224.0,,,,,10755377.174107144,8486608.3125
B,b3,1048576,128,pinned,128,,,572776.5,23029.5,4474.81640625,76749723.0,825430.5,599607.2109375,,77327074.0,833045.5,604117.765625,,,,12479202.0,128.0,32768.0,,32896.0,,,,,10753154.645089285,8417359.45982143
C,b0,4096,1,pinned,16,16,65536,,,,26461.0,20.0,,1653.8125,,,,,,,,,,,,7044,4,20,0,1981.455357142857,797.6339285714286
C,b0,4096,8,pinned,128,16,524288,,,,221390.0,2986.5,,1729.609375,,,,,,,,,,,,44406,18,30,0,2012.825892857143,806.2589285714286
C,b0,4096,32,pinned,512,16,2097152,,,,977036.0,12084.0,,1908.2734375,,,,,,,,,,,,191672,66,140,0,1977.3931361607142,450.6939174107143
C,b0,4096,128,pinned,2048,16,8388608,,,,3681580.5,69370.0,,1797.646728515625,,,,,,,,,,,,588372,227,612,0,1974.9131556919642,469.0303431919643
C,b0,65536,1,pinned,16,16,1048576,,,,332926.5,10375.0,,20807.90625,,,,,,,,,,,,35949,19,201,0,30889.375,13489.151785714286
C,b0,65536,8,pinned,128,16,8388608,,,,2923083.0,151449.0,,22836.5859375,,,,,,,,,,,,276417,138,621,0,30423.501116071428,5884.138392857143
C,b0,65536,32,pinned,512,16,33554432,,,,11816740.0,291015.0,,23079.5703125,,,,,,,,,,,,1009369,546,6863,0,30426.382254464286,6482.955915178572
C,b0,65536,128,pinned,2048,16,134217728,,,,52470146.5,1653239.5,,25620.188720703125,,,,,,,,,,,,4816857,2177,34086,0,30413.87325613839,6824.415108816965
C,b0,1048576,1,pinned,16,16,16777216,,,,6274269.5,76979.5,,392141.84375,,,,,,,,,,,,412601,259,1333,0,485807.2589285714,67279.25
C,b0,1048576,8,pinned,128,16,134217728,,,,61537046.5,3850910.5,,480758.17578125,,,,,,,,,,,,4480526,2058,67691,0,485489.16741071426,250708.7142857143
C,b0,1048576,32,pinned,256,8,268435456,,,,287934832.0,45507275.0,,1124745.4375,,,,,,,,,,,,727353736,8226,205298,0,485480.20089285716,351720.8722098214
C,b0,1048576,128,pinned,256,2,268435456,,,,107922577.0,1696621.0,,421572.56640625,,,,,,,,,,,,74978051,32899,1100095,0,485477.48102678574,117070.54073660714
C,b1,4096,1,pinned,16,16,65536,,,,26241.0,10.0,,1640.0625,,,,,,,,,0.0,,,4118,3,40,0,2493.8928571428573,-3776.3125
C,b1,4096,8,pinned,128,16,524288,,,,212467.5,2815.5,,1659.90234375,,,,,,,,,0.0,,,31280,10,50,0,2027.8973214285713,603.03125
C,b1,4096,32,pinned,512,16,2097152,,,,951822.5,34206.5,,1859.0283203125,,,,,,,,,0.0,,,119332,34,271,0,1983.886997767857,678.4475446428571
C,b1,4096,128,pinned,2048,16,8388608,,,,4009527.0,107784.0,,1957.77685546875,,,,,,,,,0.0,,,436006,130,661,0,1973.804478236607,483.17905970982144
C,b1,65536,1,pinned,16,16,1048576,,,,334634.5,9744.0,,20914.65625,,,,,,,,,0.0,,,4949,3,24147,15,30586.60714285714,3055.160714285714
C,b1,65536,8,pinned,128,16,8388608,,,,2922522.5,98110.5,,22832.20703125,,,,,,,,,0.0,,,30819,10,203886,120,30408.520089285714,6355.041294642857
C,b1,65536,32,pinned,512,16,33554432,,,,11961130.5,500071.0,,23361.5830078125,,,,,,,,,0.0,,,125614,34,940315,480,30426.561662946428,8678.309151785714
C,b1,65536,128,pinned,2048,16,134217728,,,,54737055.5,3674454.5,,26727.077880859375,,,,,,,,,0.0,,,445003,130,3330754,1920,30415.011160714286,6875.199288504465
C,b1,1048576,1,pinned,16,16,16777216,,,,6724528.5,411504.0,,420283.03125,,,,,,,,,0.0,,,7285,3,437910,255,485802.01785714284,133281.35714285713
C,b1,1048576,8,pinned,128,16,134217728,,,,61928341.5,3757279.0,,483815.16796875,,,,,,,,,0.0,,,35088,10,3878608,2040,485497.12723214284,174499.05580357142
C,b1,1048576,32,pinned,256,8,268435456,,,,200132683.5,39653995.0,,781768.294921875,,,,,,,,,0.0,,,239595,34,51060980,8160,485481.13058035716,109612.14955357143
C,b1,1048576,128,pinned,256,2,268435456,,,,113949479.5,2575603.5,,445115.154296875,,,,,,,,,0.0,,,600896,130,82571743,32640,485479.47823660716,136652.11104910713
C,b2,4096,1,pinned,16,16,65536,,,,10706.0,15.0,,669.125,,,,,,,,,,,,6583,2,2876,1,2306.6071428571427,662.625
C,b2,4096,8,pinned,128,16,524288,,,,92409.5,436.0,,721.94921875,,,,,,,,,,,,13146,2,13777,8,2014.8895089285713,1011.5625
C,b2,4096,32,pinned,512,16,2097152,,,,382357.0,22849.5,,746.791015625,,,,,,,,,,,,44376,2,54636,32,1989.4171316964287,543.37890625
C,b2,4096,128,pinned,2048,16,8388608,,,,1981666.0,269162.5,,967.6103515625,,,,,,,,,,,,196782,2,275465,128,1975.3118722098213,597.9925362723214
C,b2,65536,1,pinned,16,16,1048576,,,,75606.5,606.5,,4725.40625,,,,,,,,,,,,3697,2,31791,16,30733.053571428572,8662.705357142857
C,b2,65536,8,pinned,128,16,8388608,,,,637142.0,29377.0,,4977.671875,,,,,,,,,,,,11663,2,220508,128,30463.01339285714,5728.209821428572
C,b2,65536,32,pinned,512,16,33554432,,,,4058863.0,353671.0,,7927.466796875,,,,,,,,,,,,73472,2,1110445,512,30421.993582589286,5689.998325892857
C,b2,65536,128,pinned,2048,16,134217728,,,,18721418.5,1020896.5,,9141.317626953125,,,,,,,,,,,,183546,2,4665103,2048,30415.334402901786,6987.64599609375
C,b2,1048576,1,pinned,16,16,16777216,,,,1810703.5,224525.5,,113168.96875,,,,,,,,,,,,3947,2,419775,256,485662.0714285714,112934.3125
C,b2,1048576,8,pinned,128,16,134217728,,,,16265619.5,626299.0,,127075.15234375,,,,,,,,,,,,17724,2,4132511,2048,485484.08816964284,101857.49553571429
C,b2,1048576,32,pinned,256,8,268435456,,,,56548074.5,4446668.0,,220890.916015625,,,,,,,,,,,,77861,2,1728431515,8192,485485.7176339286,190419.30245535713
C,b2,1048576,128,pinned,256,2,268435456,,,,52371851.5,1354265.0,,204577.544921875,,,,,,,,,,,,232111,2,76142848,32768,485487.85212053574,140156.44363839287
C,b3,4096,1,pinned,16,16,65536,,,,10130.0,10.0,,633.125,,,,,,,,,,,,4839,3,1884,1,1951.2589285714287,4997.5
C,b3,4096,8,pinned,128,16,524288,,,,86904.0,632.0,,678.9375,,,,,,,,,,,,29267,10,12926,8,2038.7723214285713,-373.57589285714283
C,b3,4096,32,pinned,512,16,2097152,,,,355229.5,8802.0,,693.8076171875,,,,,,,,,,,,108901,34,58473,32,1988.3602120535713,445.865234375
C,b3,4096,128,pinned,2048,16,8388608,,,,1804628.0,92960.5,,881.166015625,,,,,,,,,,,,438511,130,217291,128,1975.9942801339287,453.8003627232143
C,b3,65536,1,pinned,16,16,1048576,,,,66303.5,756.5,,4143.96875,,,,,,,,,,,,4990,3,29307,16,30727.348214285714,-1294.9464285714287
C,b3,65536,8,pinned,128,16,8388608,,,,724862.0,87620.0,,5662.984375,,,,,,,,,,,,30199,10,223052,128,30469.90625,6158.003348214285
C,b3,65536,32,pinned,512,16,33554432,,,,3868032.0,210433.5,,7554.75,,,,,,,,,,,,188707,34,1033356,512,30433.5,5480.692522321428
C,b3,65536,128,pinned,2048,16,134217728,,,,22238778.0,1965880.0,,10858.7783203125,,,,,,,,,,,,441847,130,4411661,2048,30415.294294084822,7393.130510602678
C,b3,1048576,1,pinned,16,16,16777216,,,,1921473.5,249379.0,,120092.09375,,,,,,,,,,,,8727,3,425947,256,485705.3125,118181.3125
C,b3,1048576,8,pinned,128,16,134217728,,,,17967663.5,1256424.0,,140372.37109375,,,,,,,,,,,,41060,10,3733166,2048,485489.4698660714,122460.55915178571
C,b3,1048576,32,pinned,256,8,268435456,,,,56283561.0,3779995.5,,219857.66015625,,,,,,,,,,,,133760,34,196904513,8192,485482.4972098214,195576.6166294643
C,b3,1048576,128,pinned,256,2,268435456,,,,52327455.0,1277235.0,,204404.12109375,,,,,,,,,,,,541852,130,67389666,32768,485494.1484375,148047.37276785713
D,b0,4096,1,pinned,1,,,5510.5,125.5,5510.5,,,,,,,,30.0,0.0,30.0,4118.0,2.0,,,,,,,,129305.0,43784.0
D,b0,4096,8,pinned,8,,,41561.0,4208.0,5195.125,,,,,,,,50.0,10.0,6.25,29783.0,16.0,,,,,,,,56291.28571428572,21292.410714285714
D,b0,4096,32,pinned,32,,,186081.5,25114.0,5815.046875,,,,,,,,240.5,90.5,7.515625,130348.0,64.0,,,,,,,,8715.183035714286,5269.566964285715
D,b0,4096,128,pinned,128,,,598992.0,16047.0,4679.625,,,,,,,,686.0,80.0,5.359375,464546.5,256.0,,,,,,,,2489.643973214286,2570.2890625
D,b0,65536,1,pinned,1,,,41460.0,4213.5,41460.0,,,,,,,,90.0,10.0,5.625,14233.0,17.0,,,,,,,,481827.28571428574,164744.14285714287
D,b0,65536,8,pinned,8,,,228393.0,7800.0,28549.125,,,,,,,,686.0,50.0,5.359375,62421.0,136.0,,,,,,,,85425.28571428571,43019.232142857145
D,b0,65536,32,pinned,32,,,873575.5,14944.0,27299.234375,,,,,,,,3577.0,265.0,6.986328125,255836.5,544.0,,,,,,,,14458.700892857143,23152.933035714286
D,b0,65536,128,pinned,128,,,4597616.5,193541.0,35918.87890625,,,,,,,,40739.5,10705.5,19.892333984375,1380804.0,2176.0,,,,,,,,5268.573660714285,17797.05691964286
D,b0,1048576,1,pinned,1,,,431763.0,35318.0,431763.0,,,,,,,,1613.0,265.0,6.30078125,62671.5,257.0,,,,,,,,589033.2857142857,467515.71428571426
D,b0,1048576,8,pinned,8,,,3473541.5,167555.5,434192.6875,,,,,,,,19378.0,4509.0,9.4619140625,510115.5,2056.0,,,,,,,,126526.51785714286,273782.16071428574
D,b0,1048576,32,pinned,32,,,23684974.5,2898005.0,740155.453125,,,,,,,,268356.5,54841.5,32.75836181640625,3684415.5,8224.0,,,,,,,,64961.89732142857,281115.1026785714
D,b0,1048576,128,pinned,128,,,69754479.5,927932.0,544956.87109375,,,,,,,,888572.0,47782.5,27.1170654296875,12551307.0,32896.0,,,,,,,,63188.78571428572,263093.2511160714
D,b1,4096,1,pinned,1,,,3648.0,86.0,3648.0,,,,,,,,30.0,0.0,30.0,3777.0,1.0,,,,,,,,313933.4285714286,60574.142857142855
D,b1,4096,8,pinned,8,,,25915.5,2205.0,3239.4375,,,,,,,,45.0,5.0,5.625,24608.0,8.0,,,,,,,,65360.82142857143,24195.964285714286
D,b1,4096,32,pinned,32,,,111511.5,3893.0,3484.734375,,,,,,,,140.0,34.5,4.375,114747.5,32.0,,,,,,,,11585.30357142857,6319.049107142857
D,b1,4096,128,pinned,128,,,418146.0,14433.0,3266.765625,,,,,,,,756.5,70.5,5.91015625,435870.5,128.0,,,,,,,,3645.1897321428573,2643.5546875
D,b1,65536,1,pinned,1,,,3938.0,296.0,3938.0,,,,,,,,27262.5,4483.5,1703.90625,8752.0,1.0,,15.0,,,,,,69996.0,31175.14285714286
D,b1,65536,8,pinned,8,,,25063.5,1357.5,3132.9375,,,,,,,,173321.0,2935.0,1354.0703125,60317.0,8.0,,120.0,,,,,,51180.28571428572,28998.035714285714
D,b1,65536,32,pinned,32,,,101181.0,2720.5,3161.90625,,,,,,,,707448.0,16181.0,1381.734375,246242.5,32.0,,480.0,,,,,,10873.089285714286,15227.776785714286
D,b1,65536,128,pinned,128,,,501658.0,29762.5,3919.203125,,,,,,,,3800775.5,214772.0,1855.847412109375,1311936.0,128.0,,1920.0,,,,,,4188.198660714285,14882.55357142857
D,b1,1048576,1,pinned,1,,,4879.5,1066.5,4879.5,,,,,,,,374732.5,10375.0,1463.798828125,58609.0,1.0,,255.0,,,,,,245645.2857142857,268983.5714285714
D,b1,1048576,8,pinned,8,,,33154.5,2119.5,4144.3125,,,,,,,,3350598.0,133163.5,1636.0341796875,522018.0,8.0,,2040.0,,,,,,82484.91071428571,221147.9107142857
D,b1,1048576,32,pinned,32,,,192143.0,36570.5,6004.46875,,,,,,,,24532182.0,1647902.5,2994.651123046875,4004121.0,32.0,,8160.0,,,,,,13698.535714285714,221274.28125
D,b1,1048576,128,pinned,128,,,564543.5,18445.0,4410.49609375,,,,,,,,67655880.0,926535.5,2064.693603515625,12345593.0,128.0,,32640.0,,,,,,5175.129464285715,198615.1997767857
D,b2,4096,1,pinned,1,,,2054.0,155.5,2054.0,,,,,,,,1979.0,55.5,1979.0,3777.5,0.0,,1.0,,,,,,19692.285714285714,63934.28571428572
D,b2,4096,8,pinned,8,,,10881.0,115.0,1360.125,,,,,,,,15174.5,2244.5,1896.8125,25950.5,0.0,,8.0,,,,,,35754.017857142855,17489.5
D,b2,4096,32,pinned,32,,,47938.0,586.0,1498.0625,,,,,,,,57622.0,1683.5,1800.6875,121441.0,0.0,,32.0,,,,,,14829.00892857143,2884.2410714285716
D,b2,4096,128,pinned,128,,,163097.0,4103.0,1274.1953125,,,,,,,,192618.5,4854.5,1504.83203125,423647.5,0.0,,128.0,,,,,,2975.8883928571427,1831.28125
D,b2,65536,1,pinned,1,,,1653.0,40.0,1653.0,,,,,,,,25183.5,3232.0,1573.96875,7164.0,0.0,,16.0,,,,,,82966.14285714286,13813.57142857143
D,b2,65536,8,pinned,8,,,10655.5,160.5,1331.9375,,,,,,,,183922.0,682.0,1436.890625,59991.0,0.0,,128.0,,,,,,39505.57142857143,24906.535714285714
D,b2,65536,32,pinned,32,,,41846.5,576.0,1307.703125,,,,,,,,797888.0,58132.0,1558.375,245431.5,0.0,,512.0,,,,,,10225.950892857143,13559.482142857143
D,b2,65536,128,pinned,128,,,173446.5,6332.0,1355.05078125,,,,,,,,3745693.5,114502.5,1828.951904296875,1119617.0,0.0,,2048.0,,,,,,1265.546875,13537.75892857143
D,b2,1048576,1,pinned,1,,,2515.0,235.0,2515.0,,,,,,,,443079.5,12740.0,1730.779296875,67015.5,0.0,,256.0,,,,,,594447.0,371516.4285714286
D,b2,1048576,8,pinned,8,,,11377.0,316.0,1422.125,,,,,,,,3395510.0,116101.0,1657.9638671875,497951.5,0.0,,2048.0,,,,,,31996.26785714286,198948.23214285713
D,b2,1048576,32,pinned,32,,,65672.0,7920.0,2052.25,,,,,,,,30313955.5,5313525.5,3700.4340209960938,3168344.0,0.0,,8192.0,,,,,,8787.267857142857,220327.16964285713
D,b2,1048576,128,pinned,128,,,187288.0,8391.5,1463.1875,,,,,,,,68357393.0,1362766.5,2086.102081298828,12536283.0,0.0,,32768.0,,,,,,3577.9475446428573,195381.2890625
D,b3,4096,1,pinned,1,,,3823.0,171.0,3823.0,,,,,,,,1924.0,90.0,1924.0,4539.0,1.0,,1.0,,,,,,314477.14285714284,105376.71428571429
D,b3,4096,8,pinned,8,,,26315.5,2329.5,3289.4375,,,,,,,,11907.5,816.0,1488.4375,30569.5,8.0,,8.0,,,,,,34989.642857142855,18200.75
D,b3,4096,32,pinned,32,,,115163.5,4559.0,3598.859375,,,,,,,,54230.5,1648.0,1694.703125,126430.5,32.0,,32.0,,,,,,2095.8616071428573,2632.7723214285716
D,b3,4096,128,pinned,128,,,412816.0,12715.0,3225.125,,,,,,,,191070.5,7454.0,1492.73828125,465388.5,128.0,,128.0,,,,,,3650.652901785714,2888.8426339285716
D,b3,65536,1,pinned,1,,,3461.5,90.0,3461.5,,,,,,,,24808.0,2775.5,1550.5,7194.0,1.0,,16.0,,,,,,541690.2857142857,191587.42857142858
D,b3,65536,8,pinned,8,,,26036.0,1267.0,3254.5,,,,,,,,183842.0,2049.0,1436.265625,62406.0,8.0,,128.0,,,,,,73505.41071428571,34468.107142857145
D,b3,65536,32,pinned,32,,,106547.0,1668.5,3329.59375,,,,,,,,809461.0,37873.5,1580.978515625,263131.0,32.0,,512.0,,,,,,21414.34375,20308.57589285714
D,b3,65536,128,pinned,128,,,441912.5,12659.5,3452.44140625,,,,,,,,3663559.5,105159.0,1788.847412109375,1172510.0,128.0,,2048.0,,,,,,3889.246651785714,16273.54799107143
D,b3,1048576,1,pinned,1,,,9278.0,3532.0,9278.0,,,,,,,,572351.0,58728.0,2235.74609375,92539.5,1.0,,256.0,,,,,,106151.85714285714,382467.14285714284
D,b3,1048576,8,pinned,8,,,34566.5,3111.0,4320.8125,,,,,,,,3618633.5,121069.5,1766.910888671875,622012.5,8.0,,2048.0,,,,,,64528.75,230469.375
D,b3,1048576,32,pinned,32,,,285319.0,53298.5,8916.21875,,,,,,,,70983566.0,30736984.5,8664.986083984375,6194171.5,32.0,,8192.0,,,,,,12587.348214285714,241299.5892857143
D,b3,1048576,128,pinned,128,,,557139.5,30470.0,4352.65234375,,,,,,,,65667848.5,1674321.5,2004.023696899414,11026453.0,128.0,,32768.0,,,,,,6813.856026785715,201529.42075892858
