q0-01,23905550.0,11626901.0,119.22
q0-02,23905558.0,11722012.0,105.56
q0-03,23905562.0,11499324.0,113.15
q0-04,23905591.0,11934576.0,114.48
q0-05,23905546.0,11625742.0,103.1
q0-06,23905560.0,11784894.0,113.26
q0-07,23905618.0,11995322.0,115.87
q0-08,23905562.0,11657658.0,115.87
q0-09,23905567.0,12165320.0,114.44
q0-10,23905530.0,11709889.0,114.57
q0-11,23905603.0,11609585.0,114.6
q0-12,23905569.0,11658448.0,104.58
q0-13,23905553.0,11972689.0,108.2
q0-14,23905549.0,11782863.0,114.22
q0-15,23905569.0,11661876.0,115.2
q0-16,23905598.0,11665743.0,114.75
q0-17,23905601.0,11497360.0,114.44
q0-18,23905546.0,11592083.0,114.6
q0-19,23905565.0,11630079.0,113.9
q0-20,23905574.0,12106968.0,114.79
q0-21,23905581.0,12040474.0,114.39
q0-22,23905605.0,12364380.0,114.47
q0-23,23905562.0,11725270.0,116.2
q0-24,23905593.0,13707667.0,114.37
q0-25,23905578.0,11693286.0,114.8
q0-26,23905534.0,12274238.0,114.68
q0-27,23905588.0,11850397.0,114.74
q0-28,23905589.0,11913926.0,113.43
q0-29,23905597.0,11536876.0,114.51
q0-30,23905583.0,11525545.0,115.31
r1-0000,42025901.0,26693476.0,176.44
r1-0001,7568500.0,5931150.0,125.21
r1-0002,2869904.0,2381821.0,152.76
r1-0003,21963172.0,10370358.0,116.01
r1-0004,21439384.0,10042501.0,111.6
r1-0005,3793791311.0,1051559357.0,1117.49
r1-0006,3793418591.0,1052442278.0,1135.93
r1-0007,21976515.0,10966869.0,114.11
r1-0008,7519128564.0,1905989858.0,2817.1
r1-0009,7633745.0,5294576.0,144.03
r1-0010,41515740.0,25438104.0,173.13
r1-0011,3815996265.0,1059201358.0,2507.79
r1-0012,7525810784.0,1908111824.0,1784.28
r1-0013,7525762022.0,1911762542.0,1815.51
r1-0014,3815589890.0,1055882361.0,2712.87
r1-0015,3815604108.0,1041692421.0,2636.46
r1-0016,23381680.0,11617859.0,111.07
r1-0017,42025909.0,25012944.0,175.78
r1-0018,21439374.0,10480368.0,111.6
r1-0019,3792793353.0,1051293936.0,1180.48
r1-0020,3785020331.0,1057109109.0,1167.45
r1-0021,7519127372.0,1896689482.0,2911.32
r1-0022,7525796098.0,2004744277.0,1835.69
r1-0023,3803138805.0,1047574440.0,1715.72
r1-0024,7568591.0,5972704.0,119.6
r1-0025,23395417.0,11454900.0,99.24
r1-0026,2857304.0,2154523.0,131.86
r1-0027,2855728.0,2086248.0,129.21
r1-0028,7525796261.0,1909210055.0,1983.13
r1-0029,7519113253.0,1894977759.0,3236.96
r1-0030,23919261.0,11503114.0,105.72
r1-0031,2855715.0,2158791.0,130.9
r1-0032,7554860.0,5197894.0,119.54
r1-0033,21453462.0,10334056.0,99.9
r1-0034,3795817687.0,1048049159.0,1134.84
r1-0035,21976505.0,10411002.0,117.81
r1-0036,7525747558.0,1912340045.0,2039.12
r1-0037,3811267875.0,1063396484.0,1738.09
r1-0038,41502033.0,25085496.0,171.22
r1-0039,7633706.0,5348378.0,145.44
r1-0040,7519128647.0,1894895609.0,3002.19
r1-0041,7525747552.0,1909668634.0,2036.74
r1-0042,7620016.0,5309253.0,141.88
r1-0043,41501998.0,25723063.0,148.72
r1-0044,2869130.0,2384275.0,131.52
r1-0045,7525762150.0,1909185687.0,2198.55
r1-0046,2870721.0,2403076.0,123.9
r1-0047,21963175.0,10614301.0,112.78
r1-0048,7519114428.0,1894048799.0,3168.42
r1-0049,3799910928.0,1091367726.0,1648.24
r1-0050,3795183781.0,1106645983.0,1313.91
r1-0051,7519127179.0,1896815604.0,2793.15
r1-0052,3815982593.0,1046804713.0,2506.78
r1-0053,23905520.0,11607801.0,115.74
r1-0054,3795286471.0,1231257796.0,1595.72
r1-0055,23905505.0,11926028.0,103.44
r1-0056,23395583.0,11948427.0,99.23
r1-0057,3815982714.0,1054858067.0,2682.66
r1-0058,23381665.0,11229096.0,98.95
r1-0059,3815604340.0,1049998126.0,2387.65
r1-0060,7554950.0,5376445.0,140.94
r1-0061,42039570.0,25492324.0,153.03
r1-0062,21452684.0,11070713.0,110.8
r1-0063,2870791.0,2627203.0,155.17
r1-0064,3791897103.0,1047485000.0,1100.28
r1-0065,7519113290.0,1897090860.0,3056.04
r1-0066,3792847937.0,1053883700.0,1119.24
r1-0067,2857302.0,2062735.0,127.18
r1-0068,3788826564.0,1098859863.0,1236.29
r1-0069,3815996923.0,1047867426.0,2773.24
r1-0070,3797381431.0,1127231072.0,1427.13
r1-0071,7525810704.0,1909073133.0,1666.25
r1-0072,3796866244.0,1166342152.0,1508.39
r1-0073,3815589538.0,1058952209.0,2374.09
r1-0074,41515820.0,26332860.0,170.79
r1-0075,7519114401.0,1942295388.0,3133.89
r1-0076,23919234.0,11588457.0,112.27
r1-0077,3802888945.0,1070093011.0,1754.81
r1-0078,7620040.0,5197560.0,142.63
r1-0079,42039464.0,25743662.0,171.5
r2-0000,23905523.0,11824618.0,113.81
r2-0001,3799330432.0,1179944464.0,1764.55
r2-0002,7568596.0,5185152.0,136.27
r2-0003,7519114353.0,1894268917.0,3051.08
r2-0004,2855698.0,2104508.0,146.0
r2-0005,7519113286.0,1923609380.0,3083.03
r2-0006,3797369119.0,1119091795.0,1249.41
r2-0007,41515645.0,24654079.0,167.12
r2-0008,3801347150.0,1101159949.0,1624.81
r2-0009,3790256731.0,1052588391.0,1181.18
r2-0010,2857357.0,2043228.0,147.3
r2-0011,23919256.0,11592564.0,117.76
r2-0012,7519114401.0,1896862530.0,3182.38
r2-0013,7525810881.0,1908769573.0,2063.63
r2-0014,3798642013.0,1164701525.0,1451.55
r2-0015,3815604157.0,1049637333.0,2435.8
r2-0016,7633785.0,5319065.0,138.19
r2-0017,3815589910.0,1043551881.0,2687.73
r2-0018,7525747277.0,1910640539.0,1711.45
r2-0019,7525796112.0,1907858436.0,1766.38
r2-0020,7525762147.0,1908199486.0,2028.87
r2-0021,3797720057.0,1189302720.0,1689.18
r2-0022,21452782.0,10388373.0,113.25
r2-0023,7519127454.0,1895664815.0,2980.84
r2-0024,7554949.0,5138797.0,140.41
r2-0025,23381694.0,11694888.0,111.75
r2-0026,23919345.0,12030121.0,111.48
r2-0027,3815997291.0,1046535424.0,2654.04
r2-0028,23905545.0,11465528.0,113.61
r2-0029,21976496.0,10358488.0,117.26
r2-0030,3798012845.0,1229809565.0,1504.79
r2-0031,7525747487.0,1908900112.0,1786.18
r2-0032,7525762663.0,1908877863.0,1786.09
r2-0033,21439322.0,10060778.0,110.84
r2-0034,42039582.0,24831896.0,174.56
r2-0035,7519113171.0,1946217690.0,3000.97
r2-0036,41502062.0,24856518.0,171.19
r2-0037,21976384.0,10721022.0,116.02
r2-0038,3802988296.0,1135646154.0,1834.82
r2-0039,21963101.0,10279131.0,114.59
r2-0040,2855682.0,2205477.0,145.43
r2-0041,2857304.0,2348453.0,143.12
r2-0042,3794593089.0,1048428523.0,1133.57
r2-0043,23395386.0,11324151.0,110.68
r2-0044,7568585.0,5660845.0,124.09
r2-0045,3815982577.0,1045651133.0,2860.68
r2-0046,7519128361.0,1897270627.0,2932.4
r2-0047,3797516301.0,1061236233.0,1321.34
r2-0048,23395579.0,11840291.0,101.41
r2-0049,3815589819.0,1043531061.0,2519.76
r2-0050,41502044.0,26367768.0,170.85
r2-0051,7554941.0,5424030.0,139.98
r2-0052,7633838.0,5130150.0,140.97
r2-0053,2870752.0,2503806.0,147.28
r2-0054,21963188.0,10578895.0,103.62
r2-0055,41515644.0,24697396.0,168.46
r2-0056,42039604.0,26275617.0,173.52
r2-0057,21452756.0,10273459.0,111.87
r2-0058,2869083.0,2521915.0,154.71
r2-0059,2869016.0,2339274.0,148.25
r2-0060,3797664162.0,1072017285.0,1196.67
r2-0061,42025915.0,25748585.0,174.29
r2-0062,7519128530.0,1912049101.0,3100.9
r2-0063,3797974986.0,1063592315.0,1222.54
r2-0064,7525810864.0,1955020658.0,1876.19
r2-0065,23381714.0,11367170.0,112.07
r2-0066,42025837.0,24678636.0,173.31
r2-0067,7620026.0,5199418.0,141.76
r2-0068,3815997167.0,1043889827.0,2735.55
r2-0069,7519128472.0,1894610000.0,2906.1
r2-0070,3791563532.0,1046288437.0,1166.51
r2-0071,21439297.0,10249220.0,101.71
r2-0072,3815982499.0,1040428002.0,2586.37
r2-0073,7620023.0,5307071.0,137.28
r2-0074,3815131501.0,1060784253.0,1564.82
r2-0075,7525796276.0,2041388944.0,1759.83
r2-0076,3798026816.0,1240866192.0,1503.69
r2-0077,2870709.0,2062840.0,138.95
r2-0078,3798830067.0,1169706686.0,1594.01
r2-0079,3815604400.0,1051445809.0,2695.57
r3-0000,3792398474.0,1047693671.0,1076.66
r3-0001,23381680.0,11384812.0,98.74
r3-0002,7633632.0,5305030.0,135.67
r3-0003,7519127566.0,1907170468.0,3018.19
r3-0004,23905543.0,11589337.0,113.7
r3-0005,23381671.0,11709180.0,110.72
r3-0006,21976510.0,10397377.0,114.95
r3-0007,3815997070.0,1044581204.0,2333.35
r3-0008,3798240283.0,1099168507.0,1373.18
r3-0009,3793950030.0,1054944035.0,1170.06
r3-0010,3815997006.0,1062188889.0,2255.49
r3-0011,41502029.0,25406865.0,149.36
r3-0012,3804091453.0,1050178134.0,1485.05
r3-0013,7519113283.0,1895424805.0,3186.56
r3-0014,41515757.0,26382347.0,151.76
r3-0015,2857294.0,2295051.0,140.86
r3-0016,7519114138.0,1900713164.0,2865.38
r3-0017,3817289041.0,1060881032.0,1619.61
r3-0018,7525761949.0,1908152902.0,2226.7
r3-0019,3797402006.0,1219498356.0,1725.44
r3-0020,7554898.0,5161153.0,134.86
r3-0021,42025830.0,26547592.0,176.29
r3-0022,2855705.0,2183331.0,144.75
r3-0023,42025864.0,24808584.0,173.47
r3-0024,7568725.0,5628658.0,137.54
r3-0025,7519113249.0,1896476428.0,3102.53
r3-0026,3799181319.0,1232581418.0,1901.6
r3-0027,3815982655.0,1050570483.0,2462.81
r3-0028,3798644545.0,1077834419.0,1640.34
r3-0029,7525747697.0,1907462090.0,1992.98
r3-0030,23395605.0,11583063.0,100.76
r3-0031,7525796276.0,1909948080.0,2098.43
r3-0032,21963198.0,10914268.0,117.92
r3-0033,41502070.0,25103581.0,173.86
r3-0034,41515734.0,24823595.0,170.53
r3-0035,21439309.0,10561409.0,98.17
r3-0036,7568664.0,5592792.0,140.74
r3-0037,42039393.0,24874064.0,174.85
r3-0038,3805818936.0,1052235806.0,1432.78
r3-0039,7525796125.0,1909443826.0,1857.76
r3-0040,3815589861.0,1040860646.0,2663.86
r3-0041,21439332.0,10382871.0,104.99
r3-0042,42039471.0,24579597.0,170.48
r3-0043,7619942.0,5280886.0,123.45
r3-0044,7554887.0,6202721.0,120.67
r3-0045,3815589896.0,1044298597.0,2840.27
r3-0046,7525761880.0,1912931819.0,1690.27
r3-0047,7525810748.0,1908436955.0,1779.25
r3-0048,7519128541.0,1920999108.0,2941.48
r3-0049,7619956.0,5269208.0,140.77
r3-0050,7519114405.0,1895948046.0,3130.48
r3-0051,3807906899.0,1056570839.0,1836.48
r3-0052,2870544.0,2128073.0,141.25
r3-0053,21452688.0,10312411.0,110.52
r3-0054,3815604300.0,1043349000.0,2763.0
r3-0055,3797741464.0,1184860419.0,1703.9
r3-0056,23395486.0,11844158.0,111.63
r3-0057,3815982642.0,1062457432.0,2911.46
r3-0058,2857288.0,2141095.0,147.8
r3-0059,7519127568.0,1895964293.0,3059.97
r3-0060,2870526.0,3222561.0,147.14
r3-0061,23905483.0,12058290.0,96.99
r3-0062,7633637.0,5637685.0,122.63
r3-0063,2869097.0,2351609.0,149.36
r3-0064,3812676183.0,1086726462.0,1601.08
r3-0065,3809873347.0,1058392696.0,1563.76
r3-0066,21976608.0,10266832.0,118.21
r3-0067,23919230.0,11622371.0,116.5
r3-0068,3797179790.0,1170065034.0,1353.91
r3-0069,2855703.0,2119458.0,128.53
r3-0070,2869173.0,2681820.0,128.86
r3-0071,23919312.0,11691412.0,110.46
r3-0072,3802976605.0,1101021165.0,1383.32
r3-0073,21963198.0,10465287.0,105.87
r3-0074,3799746479.0,1143719098.0,1666.02
r3-0075,21452728.0,10497858.0,115.35
r3-0076,7519128721.0,1895728483.0,2980.61
r3-0077,7525810737.0,1912201936.0,1961.26
r3-0078,7525747514.0,1907891512.0,1970.87
r3-0079,3815605015.0,1047878808.0,3084.38
r4-0000,2870622.0,2468747.0,147.87
r4-0001,7620041.0,5506992.0,139.82
r4-0002,3815589713.0,1061908848.0,2808.85
r4-0003,3798815494.0,1215521796.0,1708.44
r4-0004,7568749.0,5546736.0,137.03
r4-0005,3797897566.0,1101403233.0,1255.74
r4-0006,41502079.0,29073974.0,171.18
r4-0007,3815604610.0,1050660642.0,2339.55
r4-0008,23381688.0,11366242.0,111.65
r4-0009,7519128493.0,1901982116.0,3033.15
r4-0010,7519127452.0,1895211003.0,3020.77
r4-0011,2855726.0,2219139.0,148.93
r4-0012,7525810915.0,1907100430.0,1845.24
r4-0013,41515645.0,27051808.0,171.42
r4-0014,23905519.0,11462379.0,113.99
r4-0015,7568682.0,5475593.0,134.36
r4-0016,3793273267.0,1163593869.0,1344.32
r4-0017,42039598.0,26008196.0,175.5
r4-0018,3794141167.0,1051620886.0,1111.7
r4-0019,7525796162.0,1963377595.0,2365.89
r4-0020,3798518443.0,1178559692.0,1827.68
r4-0021,7554897.0,5010946.0,136.01
r4-0022,41515732.0,25990556.0,171.56
r4-0023,3815997224.0,1051456532.0,2624.56
r4-0024,7619996.0,5032568.0,137.89
r4-0025,21439364.0,10709980.0,111.3
r4-0026,21452711.0,10494047.0,107.88
r4-0027,3799198995.0,1157988699.0,1399.59
r4-0028,2857355.0,2314615.0,142.61
r4-0029,21452660.0,10574368.0,112.36
r4-0030,3797745353.0,1134646848.0,1609.05
r4-0031,3815997170.0,1042273442.0,2603.22
r4-0032,3815982525.0,1044641683.0,2654.62
r4-0033,42025861.0,25306495.0,177.26
r4-0034,7525747580.0,1908699050.0,2130.95
r4-0035,7525747495.0,1907560241.0,2175.06
r4-0036,41502051.0,25772730.0,170.5
r4-0037,3800849820.0,1208045627.0,1716.45
r4-0038,2857268.0,2377653.0,146.0
r4-0039,3800531459.0,1097302806.0,1645.55
r4-0040,3800543139.0,1098233869.0,1370.77
r4-0041,21976569.0,10488304.0,102.98
r4-0042,7525761860.0,1909032677.0,1694.44
r4-0043,7519114147.0,1897673739.0,2901.77
r4-0044,23395534.0,11635441.0,110.91
r4-0045,7633722.0,5536038.0,140.38
r4-0046,23381704.0,11596673.0,110.21
r4-0047,2869020.0,2488011.0,148.69
r4-0048,7519127341.0,1898381576.0,2780.85
r4-0049,7525810638.0,1907742215.0,1824.44
r4-0050,7519113295.0,1895116780.0,3175.18
r4-0051,3815982463.0,1052858425.0,2745.46
r4-0052,2870777.0,2162375.0,143.15
r4-0053,23395448.0,12164012.0,112.47
r4-0054,3815589758.0,1043823858.0,2581.78
r4-0055,3788111320.0,1048037347.0,1167.5
r4-0056,7525762088.0,1907360972.0,1832.43
r4-0057,42039505.0,25761718.0,175.69
r4-0058,7554900.0,5383307.0,140.5
r4-0059,42025891.0,24591664.0,171.95
r4-0060,7525796129.0,1906677723.0,1811.98
r4-0061,21977184.0,10192456.0,110.88
r4-0062,3793280713.0,1053357137.0,1235.61
r4-0063,3815604434.0,1047086853.0,2647.02
r4-0064,7519128644.0,1917925121.0,2999.75
r4-0065,2869005.0,2383996.0,145.61
r4-0066,21963230.0,10505031.0,116.48
r4-0067,7519113348.0,1894440595.0,3105.41
r4-0068,23919347.0,11648833.0,117.98
r4-0069,3783937672.0,1044056576.0,1031.97
r4-0070,21439352.0,10941153.0,114.27
r4-0071,3794301375.0,1055275769.0,1193.24
r4-0072,3796733152.0,1060299518.0,1211.56
r4-0073,23919239.0,11704386.0,114.62
r4-0074,3795205913.0,1058911730.0,1537.97
r4-0075,7634418.0,5383374.0,116.38
r4-0076,21963153.0,10499641.0,100.68
r4-0077,7519114290.0,1894803954.0,3107.1
r4-0078,23905499.0,11404479.0,115.6
r4-0079,2855762.0,2822682.0,153.38
r5-0000,2855674.0,2265458.0,146.89
r5-0001,3804192697.0,1049611634.0,1768.23
r5-0002,23919369.0,11445438.0,111.61
r5-0003,2870651.0,2366833.0,149.53
r5-0004,3815982678.0,1047091714.0,2930.67
r5-0005,3796655178.0,1064314219.0,1603.27
r5-0006,23905541.0,11674839.0,114.21
r5-0007,3784393407.0,1044694126.0,1050.82
r5-0008,7525796247.0,1914744349.0,2363.24
r5-0009,2857309.0,2336275.0,146.49
r5-0010,3815996906.0,1044249894.0,2649.76
r5-0011,7568712.0,5678352.0,133.59
r5-0012,7519128642.0,1895408681.0,2977.36
r5-0013,21976588.0,10541725.0,109.46
r5-0014,7568539.0,5428107.0,139.86
r5-0015,7619937.0,5833557.0,138.9
r5-0016,3793458646.0,1056140283.0,1176.12
r5-0017,21453366.0,10200974.0,94.5
r5-0018,21452646.0,10396047.0,112.89
r5-0019,7554907.0,5428552.0,138.46
r5-0020,42025896.0,24624119.0,175.88
r5-0021,23395431.0,11669832.0,111.87
r5-0022,23905521.0,11526451.0,113.88
r5-0023,3787748415.0,1045673581.0,1037.7
r5-0024,2855684.0,2440200.0,149.04
r5-0025,21963149.0,10700852.0,117.14
r5-0026,7519127340.0,1900831198.0,2874.02
r5-0027,3796439748.0,1053148076.0,1609.37
r5-0028,7519128554.0,1894970081.0,3012.98
r5-0029,7519127320.0,1895497974.0,3020.54
r5-0030,41502015.0,26957991.0,172.42
r5-0031,3815589768.0,1050566412.0,2682.5
r5-0032,42039557.0,26423112.0,176.95
r5-0033,3815604298.0,1044917516.0,2587.58
r5-0034,2870640.0,2400144.0,145.25
r5-0035,7519113521.0,1966119508.0,3148.06
r5-0036,21976510.0,10673992.0,120.87
r5-0037,41515834.0,24733115.0,172.96
r5-0038,3813840451.0,1062029492.0,1560.35
r5-0039,3789549493.0,1045114925.0,1478.92
r5-0040,3796081958.0,1056501659.0,1130.83
r5-0041,23919410.0,12303588.0,114.77
r5-0042,7519114325.0,1894688557.0,3166.05
r5-0043,42039503.0,25671030.0,176.61
r5-0044,2869073.0,2524085.0,149.22
r5-0045,23381670.0,12029083.0,110.24
r5-0046,3793498040.0,1053194225.0,1182.18
r5-0047,3815982584.0,1040536446.0,2654.16
r5-0048,7519113317.0,1894564451.0,3186.35
r5-0049,3795829120.0,1048239595.0,1573.4
r5-0050,3795567652.0,1049899560.0,1143.96
r5-0051,42025871.0,24783984.0,173.64
r5-0052,23396149.0,11646600.0,113.04
r5-0053,2857293.0,2503836.0,128.41
r5-0054,3815997946.0,1043281496.0,2617.07
r5-0055,7525810789.0,1908213874.0,1840.11
r5-0056,3788037842.0,1048023629.0,1106.55
r5-0057,3785592761.0,1047715640.0,1157.25
r5-0058,7633798.0,5157168.0,137.72
r5-0059,7633670.0,5217324.0,126.29
r5-0060,2869158.0,2317669.0,126.06
r5-0061,41515755.0,24378090.0,172.92
r5-0062,41502054.0,24609191.0,147.48
r5-0063,7525810696.0,1908380738.0,1613.08
r5-0064,7554897.0,5474008.0,137.99
r5-0065,7525761797.0,1908543131.0,1602.13
r5-0066,21439376.0,10341254.0,113.63
r5-0067,3815589747.0,1046078554.0,2300.54
r5-0068,3795705552.0,1055575739.0,1261.32
r5-0069,7525747529.0,1909804024.0,2060.84
r5-0070,7525796256.0,1969362376.0,1758.5
r5-0071,21963205.0,11573396.0,115.54
r5-0072,7525747541.0,1910965984.0,2260.26
r5-0073,21439384.0,11067123.0,113.73
r5-0074,7525762702.0,1913948151.0,1703.73
r5-0075,23381682.0,12465365.0,111.13
r5-0076,3815604272.0,1064610433.0,2583.09
r5-0077,7519114316.0,1894392781.0,3197.62
r5-0078,7619993.0,5191334.0,136.81
r5-0079,3802736533.0,1053259746.0,1657.24
r6-0000,7519127421.0,1899856658.0,2751.3
r6-0001,41515715.0,24831705.0,166.81
r6-0002,3793899244.0,1127557895.0,1619.45
r6-0003,21452673.0,10303827.0,108.27
r6-0004,7519127580.0,1894333319.0,3091.88
r6-0005,7620005.0,5045941.0,136.81
r6-0006,23919267.0,11949003.0,114.62
r6-0007,7633775.0,5256001.0,133.16
r6-0008,7525810869.0,1909647209.0,2074.3
r6-0009,7525796258.0,1913331110.0,1988.37
r6-0010,3796859995.0,1186795369.0,1702.39
r6-0011,7525762088.0,1906977798.0,1957.54
r6-0012,2855765.0,2208933.0,148.75
r6-0013,7568612.0,5580451.0,140.45
r6-0014,7525795966.0,1907299230.0,1915.54
r6-0015,7519113311.0,1893661547.0,3240.86
r6-0016,23395504.0,12356450.0,113.14
r6-0017,42039584.0,24964113.0,174.9
r6-0018,23381695.0,11866989.0,111.75
r6-0019,23919319.0,11872417.0,115.55
r6-0020,7568726.0,5347271.0,141.44
r6-0021,3792279546.0,1049008562.0,1112.28
r6-0022,2870693.0,2251646.0,145.36
r6-0023,7525747501.0,1910900756.0,2004.17
r6-0024,23905537.0,11284638.0,113.3
r6-0025,3795750090.0,1092426819.0,1603.57
r6-0026,2870719.0,2466583.0,145.78
r6-0027,7554941.0,5110057.0,137.85
r6-0028,41502076.0,26707839.0,169.83
r6-0029,41502023.0,24842862.0,170.21
r6-0030,2857330.0,2677910.0,137.98
r6-0031,3794758264.0,1046960851.0,1049.81
r6-0032,21439337.0,10535131.0,113.78
r6-0033,3815997958.0,1043620449.0,2430.06
r6-0034,3791904872.0,1049940109.0,1121.72
r6-0035,21452747.0,10146512.0,101.04
r6-0036,42025879.0,24542127.0,171.17
r6-0037,3815982634.0,1046977235.0,3133.81
r6-0038,2857322.0,2291291.0,145.12
r6-0039,3797898535.0,1049650155.0,1464.21
r6-0040,41515761.0,26723733.0,173.09
r6-0041,3815604331.0,1043441819.0,2412.66
r6-0042,21963161.0,10801979.0,118.34
r6-0043,23395418.0,11832792.0,104.82
r6-0044,7519114259.0,1928035632.0,2933.74
r6-0045,7525810909.0,1909595172.0,2010.66
r6-0046,23905558.0,11642140.0,116.17
r6-0047,21963113.0,10742693.0,107.67
r6-0048,7633799.0,5295659.0,140.81
r6-0049,3797791270.0,1067566827.0,1194.59
r6-0050,42025911.0,26163121.0,158.68
r6-0051,7619962.0,5616653.0,124.42
r6-0052,7519128643.0,1904158390.0,3016.18
r6-0053,7554889.0,5382123.0,139.09
r6-0054,3815997066.0,1053018897.0,2519.96
r6-0055,21976702.0,10487316.0,115.79
r6-0056,2855728.0,2458122.0,149.45
r6-0057,3815589824.0,1054488008.0,3278.68
r6-0058,7525762879.0,1909659817.0,1650.69
r6-0059,21439335.0,12546330.0,126.55
r6-0060,3815982579.0,1048394018.0,2625.49
r6-0061,7519114266.0,1947105990.0,3182.18
r6-0062,7519113154.0,1896408117.0,3206.52
r6-0063,3807472309.0,1052165359.0,1904.69
r6-0064,2869100.0,2190027.0,146.59
r6-0065,3797359318.0,1054339801.0,1588.23
r6-0066,7525747470.0,1909491779.0,1975.23
r6-0067,3784080347.0,1045496317.0,1397.83
r6-0068,3794298327.0,1046514688.0,1139.79
r6-0069,3788727602.0,1049404511.0,1153.81
r6-0070,2869185.0,2296094.0,129.76
r6-0071,7519128391.0,1915208579.0,2812.57
r6-0072,42039489.0,24494420.0,153.24
r6-0073,3795753872.0,1063213067.0,1242.45
r6-0074,21976599.0,10272799.0,115.81
r6-0075,23381630.0,11581867.0,111.93
r6-0076,3815589835.0,1046087502.0,2463.93
r6-0077,3796385108.0,1050958045.0,1149.43
r6-0078,3815604399.0,1051054184.0,2435.61
r6-0079,3797786473.0,1066339279.0,1628.06
r7-0000,2870679.0,2461713.0,148.06
r7-0001,2869180.0,2530658.0,151.29
r7-0002,3795997029.0,1057533896.0,1285.58
r7-0003,7525762323.0,1935935481.0,2005.29
r7-0004,7525747549.0,1908273566.0,1880.58
r7-0005,41515628.0,26308835.0,172.34
r7-0006,3815604573.0,1055476328.0,2827.95
r7-0007,3788472387.0,1048925705.0,1436.1
r7-0008,7519113216.0,1896844930.0,3069.51
r7-0009,2857275.0,2236892.0,146.71
r7-0010,7519114381.0,1894082136.0,3216.22
r7-0011,41515719.0,25246293.0,172.48
r7-0012,3794227421.0,1051874267.0,1078.41
r7-0013,7525796173.0,1907450211.0,1889.84
r7-0014,7525810594.0,1908458948.0,2006.88
r7-0015,3797627934.0,1136800987.0,1779.96
r7-0016,3815982553.0,1048739232.0,2604.19
r7-0017,7554861.0,5251908.0,143.1
r7-0018,21963192.0,10366484.0,118.11
r7-0019,7568621.0,5470955.0,139.47
r7-0020,23395432.0,11609652.0,113.46
r7-0021,7525796101.0,1908991278.0,2285.59
r7-0022,3815996960.0,1048778018.0,2371.81
r7-0023,3786122076.0,1047492317.0,1050.92
r7-0024,7568620.0,7180472.0,142.03
r7-0025,7519128414.0,1895753951.0,3000.35
r7-0026,3815589915.0,1045711834.0,2791.35
r7-0027,21439317.0,10825012.0,103.72
r7-0028,42025905.0,26213540.0,174.76
r7-0029,21976721.0,10272864.0,111.36
r7-0030,3790692306.0,1073044108.0,1120.97
r7-0031,2869048.0,2385756.0,144.52
r7-0032,7525747422.0,1961984897.0,1753.8
r7-0033,2855665.0,2312945.0,146.85
r7-0034,7633668.0,5968319.0,143.01
r7-0035,3796040336.0,1053710077.0,1206.84
r7-0036,3815982640.0,1044003213.0,2672.73
r7-0037,3815997716.0,1041712238.0,2546.47
r7-0038,3797408591.0,1066015201.0,1239.53
r7-0039,21439351.0,10858672.0,114.8
r7-0040,7620030.0,5662269.0,143.25
r7-0041,3786446463.0,1043963762.0,1085.06
r7-0042,2855722.0,2176042.0,148.28
r7-0043,23395514.0,11525366.0,112.69
r7-0044,3789100384.0,1045395910.0,1154.8
r7-0045,21976378.0,10374858.0,116.67
r7-0046,23919095.0,11857048.0,115.86
r7-0047,21452695.0,10628893.0,100.7
r7-0048,42039576.0,26418800.0,169.01
r7-0049,23919314.0,11663863.0,112.09
r7-0050,7525810914.0,1905901204.0,1836.79
r7-0051,7554946.0,5261862.0,142.41
r7-0052,3794999110.0,1052271679.0,1635.12
r7-0053,41502060.0,24996401.0,170.44
r7-0054,7525762027.0,1910407080.0,1647.51
r7-0055,3815604471.0,1056234207.0,2752.39
r7-0056,7519127660.0,1900070468.0,2996.06
r7-0057,2871346.0,2512653.0,151.11
r7-0058,7519114336.0,1894172813.0,3176.12
r7-0059,23381637.0,13655616.0,120.22
r7-0060,23905528.0,11774148.0,119.24
r7-0061,21963173.0,10676890.0,123.09
r7-0062,3822968081.0,1061699419.0,1798.22
r7-0063,7519113274.0,1898942893.0,3152.44
r7-0064,7519127403.0,1894512036.0,2892.93
r7-0065,42039562.0,24651055.0,175.8
r7-0066,23905549.0,11739916.0,115.18
r7-0067,7633670.0,5483904.0,118.27
r7-0068,3815589696.0,1049522178.0,2441.74
r7-0069,7619976.0,5191875.0,137.84
r7-0070,3789469185.0,1054855655.0,1525.88
r7-0071,41502066.0,24932959.0,168.77
r7-0072,23381694.0,11683586.0,110.48
r7-0073,42025837.0,25384178.0,156.08
r7-0074,21452657.0,10097764.0,99.73
r7-0075,2857273.0,2141457.0,139.53
r7-0076,3797391855.0,1053027925.0,1193.41
r7-0077,3792690794.0,1053663142.0,1140.18
r7-0078,7519128638.0,1895149509.0,3101.61
r7-0079,3799426190.0,1075598609.0,1697.69
