r1-0000,45213825.0,70065930.0,562.64
r1-0001,316748574.0,399225287.0,1626.12
r1-0002,4765386.0,8246807.0,239.26
r1-0003,45214703.0,57784879.0,244.89
r1-0004,64438211.0,78806316.0,447.43
r1-0005,4838697.0,9260228.0,252.25
r1-0006,4825430.0,9945262.0,233.25
r1-0007,219953042.0,288667302.0,747.52
r1-0008,165370938.0,190247616.0,824.22
r1-0009,242715310.0,293760061.0,1051.49
r1-0010,326497686.0,389543958.0,1379.38
r1-0011,329718294.0,435993290.0,1395.67
r1-0012,206428437.0,253093421.0,698.36
r1-0013,231740905.0,272331035.0,841.28
r1-0014,431997867.0,528878873.0,1540.28
r1-0015,398595834.0,487937224.0,1542.42
r1-0016,33942628.0,40285578.0,326.92
r1-0017,156041997.0,192467767.0,577.76
r1-0018,66392096.0,86994181.0,606.82
r1-0019,257057502.0,311048289.0,1193.78
r1-0020,159709526.0,190527891.0,617.86
r1-0021,124563249.0,150456734.0,458.95
r1-0022,87587395.0,125263130.0,700.18
r1-0023,4763144.0,9645963.0,233.21
r1-0024,64453444.0,85171487.0,369.21
r1-0025,84978633.0,108368553.0,419.12
r1-0026,172320304.0,202311197.0,630.85
r1-0027,45210461.0,61234156.0,245.1
r1-0028,44282288.0,56498658.0,431.82
r1-0029,33940052.0,43174848.0,313.87
r1-0030,511273422.0,606814026.0,2084.14
r1-0031,124576870.0,152083151.0,482.52
r1-0032,64166759.0,80012677.0,452.57
r1-0033,235948838.0,317976647.0,812.43
r1-0034,312950455.0,379919067.0,1286.48
r1-0035,66394987.0,99303455.0,620.52
r1-0036,84584321.0,109673682.0,492.89
r1-0037,426843873.0,623148125.0,1445.44
r1-0038,330598976.0,400456837.0,1389.05
r1-0039,4786285.0,7718637.0,215.52
r1-0040,320557983.0,382459870.0,1241.03
r1-0041,84600370.0,101920714.0,554.77
r1-0042,84876463.0,106237597.0,467.96
r1-0043,85705522.0,100184184.0,473.05
r1-0044,341808321.0,410761056.0,1694.95
r1-0045,126823571.0,147314097.0,664.35
r1-0046,33503133.0,41620996.0,375.73
r1-0047,127106710.0,151101415.0,702.28
r1-0048,84979166.0,102944469.0,374.69
r1-0049,449193629.0,556596861.0,1868.08
r1-0050,33657153.0,40727798.0,317.46
r1-0051,257061171.0,327380536.0,1044.44
r1-0052,511280756.0,590360231.0,2312.04
r1-0053,33658040.0,40059190.0,301.47
r1-0054,245253921.0,337847112.0,896.85
r1-0055,511283717.0,592736653.0,2511.1
r1-0056,43917062.0,54124152.0,333.8
r1-0057,341807301.0,424478486.0,1771.54
r1-0058,66392895.0,95075966.0,664.82
r1-0059,34616380.0,53859376.0,475.07
r1-0060,43734035.0,54243359.0,379.69
r1-0061,330726992.0,389978676.0,1409.71
r1-0062,4778030.0,9671201.0,225.26
r1-0063,161670991.0,200196142.0,638.83
r1-0064,34613726.0,53941269.0,484.57
r1-0065,33643377.0,42141858.0,364.88
r1-0066,4820736.0,11981062.0,243.7
r1-0067,164654320.0,207639744.0,710.25
r1-0068,4825412.0,9433202.0,247.15
r1-0069,33506790.0,40623093.0,364.65
r1-0070,164057958.0,196811409.0,789.87
r1-0071,43714402.0,53147164.0,397.92
r1-0072,172325469.0,205640563.0,1035.44
r1-0073,64740769.0,99112940.0,450.42
r1-0074,125332781.0,160377126.0,621.71
r1-0075,471349737.0,586139703.0,1991.94
r1-0076,4823030.0,9599353.0,242.74
r1-0077,125712190.0,178349626.0,639.59
r1-0078,44254069.0,54576641.0,390.96
r1-0079,129947488.0,148698168.0,503.11
r1-0080,450847789.0,609668950.0,1575.25
r1-0081,64439322.0,74260219.0,417.95
r1-0082,84210232.0,116532282.0,488.55
r1-0083,85674573.0,110099021.0,447.53
r1-0084,33929094.0,42419047.0,378.19
r1-0085,43906230.0,64417315.0,404.1
r1-0086,43920113.0,55922609.0,303.82
r1-0087,64174644.0,76934162.0,388.72
r1-0088,4828971.0,8894105.0,236.51
r1-0089,43723145.0,55180594.0,336.04
r1-0090,308063229.0,359073612.0,1419.85
r1-0091,257058985.0,286122179.0,1240.46
r1-0092,246509211.0,298044835.0,960.19
r1-0093,64979276.0,83116748.0,407.51
r1-0094,323131417.0,396883626.0,1529.71
r1-0095,44295735.0,52771181.0,330.04
r1-0096,129951257.0,217117559.0,875.77
r1-0097,477458250.0,567489987.0,1821.59
r1-0098,165031048.0,212075331.0,688.38
r1-0099,172325320.0,209444197.0,918.57
r1-0100,127100936.0,162349190.0,626.72
r1-0101,33502329.0,44407074.0,386.48
r1-0102,34618281.0,52467217.0,475.22
r1-0103,4764288.0,8180711.0,224.56
r1-0104,87590354.0,125201730.0,756.76
r1-0105,246802811.0,310235072.0,871.0
r1-0106,87588167.0,101858647.0,536.8
r1-0107,165922266.0,209927596.0,674.23
r1-0108,124410089.0,148333491.0,479.86
r1-0109,85640064.0,103322218.0,498.86
r1-0110,64163947.0,83023097.0,409.39
r1-0111,125418251.0,159657735.0,597.43
r1-0112,166915372.0,214739268.0,595.47
r1-0113,477975412.0,607755926.0,1838.87
r1-0114,64996638.0,79400799.0,450.88
r1-0115,4785961.0,8382065.0,227.37
r1-0116,341813863.0,412060509.0,1895.82
r1-0117,129947914.0,153723795.0,797.23
r1-0118,240096793.0,301283613.0,888.39
r1-0119,381078493.0,469881870.0,1070.44
r2-0000,4818899.0,12227483.0,233.33
r2-0001,43728559.0,54658514.0,412.34
r2-0002,64980632.0,93765856.0,427.5
r2-0003,511279564.0,610501464.0,2337.89
r2-0004,236319710.0,308427864.0,958.87
r2-0005,329986261.0,421820838.0,1515.5
r2-0006,4785497.0,8680900.0,239.76
r2-0007,172323339.0,217924952.0,795.29
r2-0008,33505577.0,44507749.0,370.23
r2-0009,45214847.0,63340396.0,517.94
r2-0010,64994565.0,93514633.0,403.06
r2-0011,257062901.0,310566208.0,1294.55
r2-0012,511281020.0,586722836.0,2557.33
r2-0013,33933073.0,42370846.0,355.26
r2-0014,33494114.0,41401065.0,352.34
r2-0015,82123317.0,111640556.0,504.73
r2-0016,329567696.0,405996927.0,1638.96
r2-0017,168137876.0,196301295.0,692.05
r2-0018,33641855.0,41004322.0,220.88
r2-0019,85693256.0,111794400.0,417.95
r2-0020,43913434.0,56593576.0,410.93
r2-0021,4765356.0,8197933.0,233.67
r2-0022,84595174.0,106579834.0,378.67
r2-0023,33508485.0,43012482.0,367.92
r2-0024,43733844.0,58262324.0,367.8
r2-0025,329988801.0,453876579.0,1572.41
r2-0026,4763488.0,7586243.0,200.9
r2-0027,84613213.0,105092205.0,439.45
r2-0028,126532387.0,172790679.0,704.5
r2-0029,33944353.0,43111208.0,363.36
r2-0030,85669836.0,105119658.0,502.5
r2-0031,125869672.0,158855995.0,748.46
r2-0032,33663621.0,42040475.0,366.81
r2-0033,167263591.0,212574227.0,629.72
r2-0034,257060076.0,293908375.0,1172.86
r2-0035,325670342.0,393705531.0,1633.54
r2-0036,125418320.0,145816768.0,577.68
r2-0037,172325345.0,202526860.0,1013.84
r2-0038,425750259.0,546212613.0,1954.17
r2-0039,87588878.0,108109801.0,568.76
r2-0040,237386539.0,299133841.0,880.95
r2-0041,341805774.0,425225879.0,1755.03
r2-0042,160346601.0,198874636.0,618.62
r2-0043,44269445.0,54510730.0,346.2
r2-0044,34616380.0,51009076.0,457.0
r2-0045,4842885.0,7947078.0,224.89
r2-0046,341804356.0,457605453.0,2128.05
r2-0047,66391319.0,97653412.0,659.94
r2-0048,318205013.0,400281331.0,1383.2
r2-0049,239569215.0,311514402.0,1098.52
r2-0050,43723582.0,57546645.0,408.03
r2-0051,4757359.0,9442935.0,229.73
r2-0052,66394890.0,85433683.0,591.72
r2-0053,427743130.0,559563773.0,1864.28
r2-0054,64423005.0,83563545.0,422.04
r2-0055,44283813.0,53065044.0,359.21
r2-0056,162720152.0,197829547.0,504.73
r2-0057,87586362.0,130910687.0,624.93
r2-0058,313029561.0,392427185.0,1108.06
r2-0059,172321975.0,216355036.0,985.09
r2-0060,64971707.0,79625333.0,453.85
r2-0061,4786598.0,9007368.0,237.13
r2-0062,229980886.0,279694283.0,874.92
r2-0063,33647987.0,40153841.0,342.37
r2-0064,129945861.0,171318017.0,704.64
r2-0065,445047344.0,573490260.0,1581.53
r2-0066,319786831.0,395317446.0,1173.59
r2-0067,4828177.0,8561427.0,213.22
r2-0068,246846283.0,303010635.0,877.17
r2-0069,341805218.0,441510344.0,1910.89
r2-0070,129948844.0,161990084.0,854.18
r2-0071,459606530.0,604634134.0,1493.73
r2-0072,4821182.0,9792046.0,252.57
r2-0073,226455930.0,274311930.0,762.13
r2-0074,84985902.0,105390841.0,458.43
r2-0075,84618213.0,103797167.0,484.25
r2-0076,34614658.0,51811407.0,464.99
r2-0077,326354582.0,469661774.0,1534.5
r2-0078,126035009.0,150779906.0,508.85
r2-0079,124998725.0,147892805.0,595.21
r2-0080,233496447.0,310754857.0,1054.95
r2-0081,434606183.0,568664211.0,1381.77
r2-0082,43919016.0,55198106.0,388.77
r2-0083,122663422.0,166146364.0,603.11
r2-0084,64136980.0,78568673.0,416.28
r2-0085,161634920.0,200896669.0,718.84
r2-0086,446791004.0,553672266.0,1800.56
r2-0087,424354915.0,512811720.0,1548.51
r2-0088,163246227.0,211451954.0,669.75
r2-0089,64435242.0,83793912.0,511.51
r2-0090,84342056.0,142593927.0,464.55
r2-0091,511276597.0,617387470.0,2553.82
r2-0092,129951988.0,173644095.0,667.48
r2-0093,34618299.0,52942565.0,475.0
r2-0094,412347891.0,566262435.0,1255.18
r2-0095,45214860.0,58808545.0,371.66
r2-0096,4775033.0,9494197.0,301.8
r2-0097,66395834.0,89205305.0,514.55
r2-0098,413092328.0,513739545.0,1531.14
r2-0099,64340843.0,75639029.0,408.46
r2-0100,244617793.0,288233021.0,1256.95
r2-0101,64019842.0,76733514.0,508.2
r2-0102,162376134.0,195364369.0,767.19
r2-0103,4825406.0,8666321.0,294.71
r2-0104,45211170.0,64775889.0,550.94
r2-0105,127023872.0,155641980.0,514.83
r2-0106,316932492.0,386277841.0,1387.67
r2-0107,64072333.0,75924890.0,510.23
r2-0108,165933428.0,223073415.0,857.78
r2-0109,257055264.0,297910177.0,1457.77
r2-0110,125312792.0,152657662.0,496.46
r2-0111,84695922.0,112335684.0,569.04
r2-0112,87590827.0,106590623.0,529.75
r2-0113,4825394.0,9292003.0,289.13
r2-0114,43911731.0,55528645.0,415.24
r2-0115,233388175.0,289060007.0,785.51
r2-0116,125455293.0,159844757.0,598.28
r2-0117,44282559.0,57979925.0,440.87
r2-0118,33924637.0,43535722.0,421.06
r2-0119,156704163.0,210146138.0,691.05
r3-0000,163544286.0,191971627.0,863.87
r3-0001,257057644.0,317808078.0,1226.29
r3-0002,220797356.0,332616496.0,913.24
r3-0003,64975655.0,98815581.0,363.46
r3-0004,168242504.0,216537392.0,641.47
r3-0005,84932781.0,100000073.0,387.04
r3-0006,257054113.0,300681842.0,1400.25
r3-0007,129951840.0,156498226.0,805.24
r3-0008,4766001.0,8520718.0,292.05
r3-0009,165475510.0,214355116.0,685.8
r3-0010,172323674.0,202675461.0,919.42
r3-0011,126951717.0,159104499.0,636.91
r3-0012,123138014.0,152190611.0,566.97
r3-0013,4779078.0,10185744.0,294.8
r3-0014,122740745.0,154008070.0,675.85
r3-0015,397394890.0,516664469.0,1505.45
r3-0016,45215847.0,68802571.0,609.35
r3-0017,64451983.0,86951451.0,443.36
r3-0018,162880593.0,216129973.0,893.01
r3-0019,33946442.0,42949181.0,434.96
r3-0020,326223296.0,416764185.0,1238.17
r3-0021,421508457.0,515156764.0,1569.0
r3-0022,34614441.0,51833743.0,510.36
r3-0023,4757200.0,9276029.0,290.79
r3-0024,306794613.0,377358998.0,1236.82
r3-0025,4761379.0,8200425.0,261.48
r3-0026,64438270.0,80573353.0,487.43
r3-0027,400974115.0,501866882.0,1506.9
r3-0028,511270470.0,604723571.0,2491.75
r3-0029,125077840.0,154051345.0,782.45
r3-0030,45213921.0,60659189.0,513.14
r3-0031,66392092.0,96419402.0,738.35
r3-0032,228520680.0,289508432.0,968.26
r3-0033,511283778.0,618934337.0,1938.94
r3-0034,4782219.0,8685426.0,288.45
r3-0035,124005677.0,178237078.0,659.28
r3-0036,44288621.0,57249705.0,428.05
r3-0037,4822306.0,9473563.0,303.55
r3-0038,64447657.0,80553396.0,446.63
r3-0039,45211296.0,57738297.0,523.29
r3-0040,222804860.0,293479727.0,1085.59
r3-0041,439628637.0,541201328.0,1837.95
r3-0042,84616881.0,101477470.0,487.76
r3-0043,33647901.0,41691791.0,421.54
r3-0044,125463629.0,156452976.0,732.41
r3-0045,34618992.0,61508626.0,536.57
r3-0046,4833292.0,8640428.0,294.64
r3-0047,432514887.0,572634910.0,1707.74
r3-0048,257052532.0,300920597.0,1269.95
r3-0049,125571702.0,155426454.0,572.79
r3-0050,64158636.0,78156881.0,468.11
r3-0051,65007535.0,89650558.0,515.87
r3-0052,341812097.0,417623603.0,1683.04
r3-0053,34616143.0,54255724.0,532.4
r3-0054,172320285.0,201860209.0,1012.08
r3-0055,33631532.0,44107534.0,418.82
r3-0056,43728218.0,58768316.0,457.14
r3-0057,325426824.0,397061385.0,1682.74
r3-0058,172323777.0,206256277.0,941.02
r3-0059,511278062.0,581021796.0,2400.64
r3-0060,44293445.0,55873515.0,389.58
r3-0061,423634559.0,553978604.0,1690.27
r3-0062,33652458.0,40726984.0,369.76
r3-0063,4826984.0,12061479.0,301.31
r3-0064,64164566.0,79879854.0,496.29
r3-0065,4825186.0,8805321.0,297.48
r3-0066,305430128.0,378622741.0,1156.93
r3-0067,205230637.0,256206850.0,867.7
r3-0068,43912833.0,53885779.0,451.24
r3-0069,407531427.0,505765398.0,1538.92
r3-0070,4824435.0,8749383.0,269.81
r3-0071,157653970.0,191631403.0,839.23
r3-0072,84592022.0,104026477.0,540.6
r3-0073,447852912.0,581588357.0,1636.89
r3-0074,43917001.0,55653326.0,353.39
r3-0075,321817368.0,385707012.0,1448.45
r3-0076,44295512.0,54750351.0,401.87
r3-0077,246327126.0,303560577.0,897.91
r3-0078,341805935.0,395507012.0,1670.72
r3-0079,129948266.0,151049188.0,866.63
r3-0080,124263419.0,163007087.0,627.68
r3-0081,234668593.0,300083496.0,902.06
r3-0082,168046254.0,201280931.0,639.16
r3-0083,4842749.0,8789599.0,292.44
r3-0084,33510814.0,40266549.0,350.98
r3-0085,43918716.0,53808790.0,392.92
r3-0086,64167549.0,83705649.0,498.35
r3-0087,158158279.0,205763754.0,713.77
r3-0088,212481557.0,278378476.0,924.76
r3-0089,43728211.0,54005634.0,427.68
r3-0090,84605552.0,111162992.0,546.14
r3-0091,33500798.0,43621732.0,386.63
r3-0092,84982157.0,107065426.0,572.86
r3-0093,310424079.0,380293782.0,1530.56
r3-0094,33922940.0,41744593.0,419.46
r3-0095,232982737.0,289208919.0,1050.72
r3-0096,85649647.0,108629151.0,527.27
r3-0097,4788352.0,7991726.0,259.92
r3-0098,87589262.0,102681071.0,670.05
r3-0099,43725215.0,52573324.0,411.94
r3-0100,123489838.0,148901469.0,533.16
r3-0101,84883388.0,104122575.0,535.78
r3-0102,326270099.0,414618220.0,1824.68
r3-0103,66393983.0,89155488.0,570.04
r3-0104,445885686.0,563406719.0,1523.84
r3-0105,87585841.0,106609874.0,690.45
r3-0106,64985282.0,80239112.0,503.52
r3-0107,236838230.0,292306963.0,955.76
r3-0108,145493058.0,181523030.0,619.89
r3-0109,33933559.0,41842583.0,433.91
r3-0110,341812608.0,420757563.0,2082.32
r3-0111,87591372.0,126832008.0,870.09
r3-0112,330066291.0,402451879.0,1497.85
r3-0113,129947154.0,158314587.0,921.14
r3-0114,329706531.0,407965133.0,1758.22
r3-0115,66396562.0,78123492.0,553.52
r3-0116,85682835.0,105609945.0,500.34
r3-0117,85682908.0,104850382.0,466.42
r3-0118,166102889.0,206182420.0,736.28
r3-0119,33508303.0,38634088.0,377.09
r4-0000,257054060.0,302255630.0,896.77
r4-0001,225185949.0,291434463.0,1022.72
r4-0002,84577531.0,123255626.0,542.53
r4-0003,164781645.0,206550701.0,747.86
r4-0004,87586608.0,115441650.0,765.68
r4-0005,4825408.0,9698179.0,274.22
r4-0006,341806142.0,398542845.0,1687.61
r4-0007,451328176.0,572052137.0,1881.44
r4-0008,33643324.0,41639957.0,434.59
r4-0009,66393220.0,92314037.0,698.84
r4-0010,257061585.0,299678469.0,1156.71
r4-0011,33503502.0,41252471.0,421.74
r4-0012,232971238.0,304120513.0,1106.64
r4-0013,415999294.0,521408501.0,1490.75
r4-0014,247182293.0,308400505.0,1012.96
r4-0015,129950821.0,167806565.0,879.01
r4-0016,64443881.0,78396745.0,458.69
r4-0017,45213974.0,65119294.0,593.88
r4-0018,332676640.0,419137532.0,1390.0
r4-0019,124711966.0,158466078.0,644.84
r4-0020,257061344.0,314776029.0,1224.54
r4-0021,125737293.0,156559396.0,546.78
r4-0022,4778585.0,8202526.0,285.16
r4-0023,162959019.0,207508899.0,706.86
r4-0024,172322167.0,205829097.0,924.03
r4-0025,85679612.0,113730522.0,520.59
r4-0026,377311316.0,495667793.0,1488.45
r4-0027,84575594.0,105635980.0,439.65
r4-0028,44287254.0,58065763.0,418.55
r4-0029,158207243.0,199480073.0,686.65
r4-0030,4778983.0,10329295.0,300.4
r4-0031,422238620.0,568419578.0,1582.28
r4-0032,511282705.0,613123436.0,2538.18
r4-0033,129949459.0,154335199.0,749.8
r4-0034,33648029.0,44365545.0,420.31
r4-0035,34614111.0,52551972.0,530.5
r4-0036,34616409.0,50820561.0,494.87
r4-0037,205929364.0,265721915.0,797.39
r4-0038,84798006.0,102201748.0,441.03
r4-0039,167362470.0,209292536.0,638.01
r4-0040,64441965.0,81090287.0,498.04
r4-0041,64080469.0,81558249.0,499.11
r4-0042,45215970.0,70092013.0,593.9
r4-0043,158960660.0,219060516.0,785.17
r4-0044,43909045.0,51952439.0,368.77
r4-0045,85675479.0,106924347.0,623.66
r4-0046,33655511.0,55574495.0,395.12
r4-0047,326381630.0,381104666.0,1489.91
r4-0048,122101436.0,149738175.0,581.39
r4-0049,33494700.0,43854747.0,438.17
r4-0050,85554461.0,106164024.0,580.64
r4-0051,64976219.0,83909841.0,508.6
r4-0052,129946499.0,156249702.0,880.69
r4-0053,321796692.0,394910766.0,1461.67
r4-0054,84593403.0,101419997.0,561.4
r4-0055,33920970.0,41783560.0,397.22
r4-0056,471268701.0,583335555.0,1647.52
r4-0057,33513043.0,42322955.0,424.75
r4-0058,172326634.0,235010643.0,1144.59
r4-0059,87590048.0,107938973.0,460.57
r4-0060,33955058.0,39859957.0,362.99
r4-0061,511282319.0,596625507.0,2485.56
r4-0062,166305643.0,207053064.0,629.41
r4-0063,45212139.0,78273253.0,618.49
r4-0064,4760460.0,8517846.0,273.05
r4-0065,66394118.0,83391619.0,607.88
r4-0066,4834714.0,8927249.0,295.43
r4-0067,417434691.0,596800041.0,1902.5
r4-0068,64976868.0,82059126.0,480.84
r4-0069,43727821.0,54328249.0,435.51
r4-0070,34618242.0,51120901.0,506.72
r4-0071,66390656.0,80121979.0,560.79
r4-0072,44292646.0,58010708.0,330.64
r4-0073,450418982.0,605318673.0,1548.32
r4-0074,43913632.0,52973672.0,376.05
r4-0075,84603676.0,108903304.0,538.07
r4-0076,43720202.0,53917256.0,443.45
r4-0077,4758064.0,9227200.0,300.5
r4-0078,4842237.0,8813239.0,303.94
r4-0079,227403907.0,342496899.0,1160.71
r4-0080,113399371.0,133114225.0,516.53
r4-0081,240193156.0,290806193.0,873.97
r4-0082,122266396.0,151694382.0,688.77
r4-0083,323400854.0,440339915.0,1550.44
r4-0084,64430522.0,82958225.0,464.22
r4-0085,87589276.0,109002765.0,482.94
r4-0086,221596860.0,265121887.0,933.3
r4-0087,162131784.0,202410438.0,747.87
r4-0088,64955792.0,81846215.0,461.28
r4-0089,84461168.0,101551451.0,483.47
r4-0090,327661761.0,401817279.0,1602.2
r4-0091,33930182.0,40171095.0,387.35
r4-0092,341810516.0,420923269.0,1938.57
r4-0093,4822140.0,9630282.0,301.92
r4-0094,511280612.0,598198843.0,2103.57
r4-0095,328989201.0,418162741.0,1562.83
r4-0096,162720853.0,205771075.0,723.12
r4-0097,159906465.0,195292792.0,740.11
r4-0098,4830877.0,11194141.0,279.85
r4-0099,4765345.0,8729607.0,307.8
r4-0100,203246035.0,262392635.0,766.92
r4-0101,307098043.0,372216889.0,1253.38
r4-0102,64174130.0,77768298.0,540.64
r4-0103,4825416.0,9344026.0,305.62
r4-0104,423280938.0,551115074.0,1543.49
r4-0105,126924783.0,151166040.0,704.82
r4-0106,43904987.0,60299071.0,362.32
r4-0107,316119318.0,376019249.0,1597.48
r4-0108,125165779.0,156611879.0,593.22
r4-0109,119509005.0,145792373.0,549.92
r4-0110,341811521.0,414169411.0,1875.4
r4-0111,44299220.0,53895898.0,397.14
r4-0112,43708823.0,67539210.0,464.62
r4-0113,125883100.0,158897459.0,723.46
r4-0114,218794898.0,294024803.0,850.17
r4-0115,323575122.0,379800774.0,1869.4
r4-0116,64167387.0,75677087.0,473.19
r4-0117,383787722.0,496730663.0,1309.28
r4-0118,172324655.0,194319840.0,990.13
r4-0119,4783195.0,8915682.0,297.79
r5-0000,316300356.0,406255498.0,1570.53
r5-0001,341806484.0,402756712.0,1614.15
r5-0002,66394526.0,80609677.0,602.6
r5-0003,64150942.0,77370155.0,429.86
r5-0004,447305027.0,588529995.0,1650.54
r5-0005,65001272.0,83475699.0,355.99
r5-0006,324517602.0,413701224.0,1917.11
r5-0007,125345087.0,157894882.0,641.56
r5-0008,4765390.0,8869051.0,287.86
r5-0009,129949336.0,158187637.0,686.52
r5-0010,449606006.0,564564705.0,1673.83
r5-0011,323265535.0,391373755.0,1176.21
r5-0012,257053416.0,286743720.0,1327.76
r5-0013,153917343.0,193884265.0,660.16
r5-0014,87589148.0,119893679.0,751.22
r5-0015,64953841.0,79466314.0,454.17
r5-0016,4761183.0,8758951.0,291.53
r5-0017,511280281.0,607520141.0,2434.76
r5-0018,33508469.0,44040479.0,402.25
r5-0019,166098440.0,218284335.0,683.09
r5-0020,4838088.0,8314770.0,296.11
r5-0021,45216948.0,63305312.0,550.07
r5-0022,165256447.0,202472233.0,647.03
r5-0023,318838884.0,397679975.0,1793.44
r5-0024,511281091.0,619137874.0,2443.97
r5-0025,165041408.0,219815031.0,728.25
r5-0026,64158076.0,80844172.0,462.27
r5-0027,4827227.0,9670797.0,301.95
r5-0028,84594736.0,110531944.0,440.48
r5-0029,84615161.0,110465453.0,469.1
r5-0030,309242627.0,398579523.0,1543.0
r5-0031,4833650.0,8525212.0,276.75
r5-0032,64452682.0,85870271.0,475.45
r5-0033,129946232.0,179589327.0,705.86
r5-0034,84611391.0,102530395.0,521.08
r5-0035,172326557.0,233787581.0,1074.18
r5-0036,85753410.0,116701025.0,615.71
r5-0037,43726556.0,55125263.0,430.3
r5-0038,43919539.0,58618742.0,442.69
r5-0039,43943918.0,57536922.0,506.29
r5-0040,4785743.0,8758867.0,286.19
r5-0041,119794061.0,141485865.0,570.59
r5-0042,66394991.0,82327590.0,410.37
r5-0043,44276851.0,56133203.0,408.59
r5-0044,240424065.0,333423899.0,982.09
r5-0045,45211160.0,64787421.0,578.36
r5-0046,4827706.0,11364733.0,275.99
r5-0047,172321593.0,206282819.0,850.79
r5-0048,126667588.0,187089997.0,587.84
r5-0049,214007736.0,269768690.0,769.6
r5-0050,64433241.0,77933470.0,511.64
r5-0051,87592366.0,116945463.0,698.41
r5-0052,84977409.0,112951243.0,505.47
r5-0053,129951208.0,167263065.0,793.46
r5-0054,4783120.0,9100331.0,292.64
r5-0055,33501633.0,45285376.0,440.36
r5-0056,124599553.0,154371676.0,565.11
r5-0057,126368851.0,164671356.0,561.0
r5-0058,414857001.0,538520302.0,1711.93
r5-0059,210598716.0,268363590.0,851.22
r5-0060,150279274.0,188092088.0,642.96
r5-0061,33648162.0,40939396.0,416.55
r5-0062,122591327.0,166631191.0,688.27
r5-0063,205466531.0,266551337.0,780.17
r5-0064,43909332.0,53853289.0,392.52
r5-0065,242098654.0,303388124.0,1108.29
r5-0066,164170416.0,206123797.0,921.52
r5-0067,4762294.0,9439870.0,283.68
r5-0068,44280017.0,55178262.0,466.75
r5-0069,43726672.0,52101520.0,369.06
r5-0070,240905893.0,308242168.0,1023.89
r5-0071,341801616.0,445536787.0,2026.13
r5-0072,64979054.0,93090454.0,552.88
r5-0073,4821378.0,10384729.0,313.88
r5-0074,389905674.0,478906269.0,1482.48
r5-0075,172324275.0,202188236.0,845.19
r5-0076,341813000.0,407145461.0,1697.75
r5-0077,242516513.0,320515880.0,990.94
r5-0078,34613577.0,52331235.0,507.19
r5-0079,43737424.0,55313598.0,430.3
r5-0080,33508809.0,43179542.0,407.66
r5-0081,257060926.0,306282215.0,1264.47
r5-0082,423173276.0,518992385.0,1503.56
r5-0083,4778354.0,10281634.0,300.62
r5-0084,218029529.0,260278198.0,963.18
r5-0085,402491969.0,497199498.0,1615.06
r5-0086,161836070.0,195706006.0,851.81
r5-0087,44290721.0,59902801.0,439.29
r5-0088,34618134.0,53138686.0,517.5
r5-0089,511273367.0,581907799.0,2593.11
r5-0090,317528658.0,436113724.0,1575.91
r5-0091,66392405.0,94247287.0,672.54
r5-0092,45214625.0,65534798.0,605.12
r5-0093,125483335.0,167276745.0,791.12
r5-0094,33649676.0,48394033.0,490.07
r5-0095,87586687.0,122837751.0,825.24
r5-0096,33947568.0,43888725.0,460.37
r5-0097,64426022.0,76376983.0,522.09
r5-0098,389158288.0,510721402.0,1431.87
r5-0099,426315126.0,548047544.0,1773.86
r5-0100,33655421.0,41609432.0,361.55
r5-0101,239642343.0,307511556.0,1108.41
r5-0102,34616983.0,54026385.0,547.44
r5-0103,33928840.0,42679649.0,393.61
r5-0104,317162957.0,373325391.0,1373.76
r5-0105,166834418.0,207127662.0,693.31
r5-0106,125425181.0,149443129.0,549.29
r5-0107,33932320.0,43613275.0,368.52
r5-0108,85713011.0,109194699.0,722.05
r5-0109,84966568.0,114617090.0,549.87
r5-0110,312817023.0,394356486.0,1646.49
r5-0111,84621190.0,105765266.0,491.67
r5-0112,331906595.0,427070120.0,1434.28
r5-0113,4824425.0,9540679.0,288.43
r5-0114,85616378.0,104923209.0,481.76
r5-0115,470206638.0,619291140.0,1916.57
r5-0116,167122769.0,218168762.0,679.46
r5-0117,64163244.0,80706486.0,456.17
r5-0118,257054462.0,321052087.0,1385.03
r5-0119,123854311.0,153610737.0,668.89
r6-0000,4821289.0,9739398.0,301.08
r6-0001,33651731.0,45143464.0,387.88
r6-0002,125946757.0,151529107.0,719.96
r6-0003,85690486.0,113054438.0,657.72
r6-0004,404100910.0,504032736.0,1810.37
r6-0005,87590515.0,111522031.0,704.04
r6-0006,4764431.0,8458577.0,288.78
r6-0007,511278316.0,639316797.0,2893.27
r6-0008,33921484.0,42621159.0,437.22
r6-0009,33949279.0,46149413.0,420.29
r6-0010,172323652.0,208273070.0,1096.13
r6-0011,33649185.0,45988613.0,422.2
r6-0012,4822105.0,11941695.0,303.19
r6-0013,85686516.0,117598218.0,602.6
r6-0014,66395024.0,100014473.0,701.52
r6-0015,4764648.0,8966625.0,288.05
r6-0016,125866829.0,158899017.0,792.48
r6-0017,316384663.0,386041265.0,1353.85
r6-0018,325696787.0,386592465.0,1385.29
r6-0019,257062341.0,306277002.0,1148.07
r6-0020,257060608.0,326218063.0,1659.01
r6-0021,4786364.0,8166074.0,283.38
r6-0022,511282305.0,651781110.0,2248.1
r6-0023,123141617.0,145364536.0,528.82
r6-0024,440818994.0,535975728.0,1796.11
r6-0025,4824559.0,8922790.0,274.68
r6-0026,43921100.0,56316312.0,468.63
r6-0027,216884757.0,269696313.0,923.38
r6-0028,153225311.0,195589736.0,731.94
r6-0029,63350084.0,78781175.0,447.91
r6-0030,34616262.0,48504532.0,506.88
r6-0031,245266272.0,303756399.0,923.11
r6-0032,33503322.0,41190908.0,385.66
r6-0033,443149086.0,592170162.0,1562.41
r6-0034,436782866.0,528016760.0,1934.25
r6-0035,84955691.0,115106467.0,531.84
r6-0036,84935981.0,100216948.0,517.29
r6-0037,4837261.0,7959756.0,210.57
r6-0038,328113055.0,387757157.0,1726.33
r6-0039,66390235.0,82341052.0,574.85
r6-0040,4762245.0,9505485.0,291.77
r6-0041,44264528.0,56170794.0,461.69
r6-0042,172327645.0,206628312.0,1058.67
r6-0043,45212155.0,65746817.0,590.01
r6-0044,226576230.0,276074925.0,920.16
r6-0045,64439935.0,79216648.0,444.62
r6-0046,210360527.0,268672767.0,904.22
r6-0047,33652847.0,41738060.0,416.76
r6-0048,4830618.0,9288667.0,315.9
r6-0049,243755063.0,287736514.0,1035.56
r6-0050,449753852.0,550472739.0,1678.54
r6-0051,318332281.0,390988446.0,1813.76
r6-0052,66393879.0,79489909.0,561.43
r6-0053,33500050.0,44559607.0,432.81
r6-0054,44298286.0,57591612.0,478.16
r6-0055,85635211.0,101742439.0,529.77
r6-0056,126018256.0,166355756.0,656.87
r6-0057,129951460.0,158124319.0,822.61
r6-0058,45216613.0,59751608.0,531.73
r6-0059,325037343.0,402064424.0,1454.15
r6-0060,64172887.0,77743447.0,447.67
r6-0061,43727141.0,57897835.0,462.46
r6-0062,405865489.0,519715571.0,1354.49
r6-0063,436151445.0,534324269.0,1667.23
r6-0064,325848103.0,407928134.0,1415.74
r6-0065,321168622.0,370778553.0,1580.29
r6-0066,64988774.0,79671945.0,418.5
r6-0067,246833861.0,324028698.0,1227.43
r6-0068,150897151.0,181743883.0,638.88
r6-0069,43913496.0,56775579.0,407.47
r6-0070,167733708.0,203707024.0,838.55
r6-0071,478020793.0,615492579.0,1826.71
r6-0072,64167613.0,80736703.0,494.75
r6-0073,84571411.0,111381481.0,461.46
r6-0074,45213708.0,72581157.0,596.29
r6-0075,341812596.0,400766519.0,1935.23
r6-0076,245070346.0,331477577.0,943.24
r6-0077,163498958.0,212916164.0,843.61
r6-0078,319218007.0,397478660.0,1278.56
r6-0079,341807568.0,395732505.0,2046.4
r6-0080,33939640.0,49488041.0,397.12
r6-0081,257057577.0,293341587.0,1009.84
r6-0082,228393195.0,284367157.0,953.21
r6-0083,125309228.0,149514818.0,552.32
r6-0084,511279956.0,578242032.0,2471.74
r6-0085,34618220.0,51303279.0,485.26
r6-0086,172324748.0,203148996.0,991.06
r6-0087,125034110.0,148738889.0,586.1
r6-0088,162343325.0,206165759.0,809.4
r6-0089,84942803.0,105556085.0,514.09
r6-0090,34613513.0,50824961.0,522.28
r6-0091,164615033.0,207693479.0,858.12
r6-0092,43731793.0,53819350.0,465.03
r6-0093,43912334.0,57432733.0,480.11
r6-0094,125298284.0,153151698.0,825.2
r6-0095,247187772.0,298871720.0,902.02
r6-0096,64997774.0,76509284.0,486.75
r6-0097,64983167.0,76533656.0,435.08
r6-0098,129946604.0,158209943.0,801.33
r6-0099,64170043.0,84143606.0,437.63
r6-0100,84578934.0,106187063.0,413.52
r6-0101,125043599.0,156117739.0,559.41
r6-0102,87586734.0,105283643.0,673.64
r6-0103,84538154.0,108397670.0,551.75
r6-0104,164904905.0,242118840.0,852.69
r6-0105,4788379.0,8158822.0,289.28
r6-0106,433122743.0,531027834.0,1662.46
r6-0107,44287047.0,53919512.0,390.0
r6-0108,43726380.0,55206444.0,443.22
r6-0109,126028440.0,159401678.0,698.7
r6-0110,64444188.0,79711934.0,420.97
r6-0111,322195397.0,387343819.0,1673.53
r6-0112,4824657.0,10391443.0,283.86
r6-0113,341810628.0,412505984.0,2026.39
r6-0114,166907671.0,211201885.0,746.55
r6-0115,87588875.0,109531176.0,693.91
r6-0116,166181056.0,210776272.0,748.51
r6-0117,129950183.0,163634675.0,823.29
r6-0118,33502218.0,44618772.0,426.32
r6-0119,4779064.0,10848898.0,295.29
r7-0000,43908402.0,52912729.0,442.18
r7-0001,85674799.0,106386999.0,560.16
r7-0002,126544010.0,149426375.0,621.84
r7-0003,64435665.0,79639861.0,389.91
r7-0004,341809507.0,385486389.0,1990.6
r7-0005,43725461.0,57092357.0,463.43
r7-0006,383646558.0,491143565.0,1708.53
r7-0007,64970153.0,77544974.0,401.33
r7-0008,33513086.0,44792203.0,380.41
r7-0009,85504467.0,112324255.0,466.18
r7-0010,241641667.0,305298678.0,1020.66
r7-0011,87590751.0,103128435.0,517.62
r7-0012,43902957.0,59065406.0,427.66
r7-0013,87586386.0,107773542.0,531.7
r7-0014,64150721.0,78654066.0,510.69
r7-0015,168498288.0,212976114.0,917.38
r7-0016,33950247.0,47317864.0,446.83
r7-0017,324886517.0,395967506.0,1571.4
r7-0018,44283765.0,56305559.0,456.32
r7-0019,43917914.0,54570464.0,428.98
r7-0020,33925883.0,44778287.0,419.85
r7-0021,84973443.0,103235329.0,550.15
r7-0022,45213867.0,72716265.0,618.68
r7-0023,223307352.0,284422060.0,978.98
r7-0024,4825411.0,9123359.0,264.5
r7-0025,34619218.0,57943749.0,551.18
r7-0026,33484974.0,45173789.0,451.88
r7-0027,330816308.0,397371430.0,1409.84
r7-0028,34616077.0,53788937.0,523.63
r7-0029,84613354.0,107725976.0,519.63
r7-0030,385710350.0,489153174.0,1538.27
r7-0031,4760407.0,8694224.0,282.75
r7-0032,390105744.0,510124221.0,1377.99
r7-0033,64988932.0,77981812.0,426.38
r7-0034,45211228.0,91999741.0,629.06
r7-0035,249805739.0,327407831.0,924.65
r7-0036,4823016.0,9073756.0,269.5
r7-0037,309371325.0,381398204.0,1220.17
r7-0038,172320840.0,204194713.0,944.52
r7-0039,257057220.0,300502011.0,1279.85
r7-0040,4838904.0,8792546.0,294.25
r7-0041,64162457.0,89017621.0,530.95
r7-0042,125631121.0,159102708.0,587.4
r7-0043,33943797.0,42054513.0,424.7
r7-0044,66392175.0,101461230.0,711.54
r7-0045,159517309.0,193412034.0,792.28
r7-0046,129950088.0,161027941.0,867.48
r7-0047,84589498.0,100865008.0,534.42
r7-0048,172328261.0,255961359.0,1108.07
r7-0049,4833191.0,9183395.0,308.13
r7-0050,66395017.0,94105809.0,685.36
r7-0051,456280288.0,592009653.0,1688.2
r7-0052,84594320.0,100289623.0,525.94
r7-0053,126309828.0,185414228.0,716.31
r7-0054,324491279.0,391198078.0,1558.44
r7-0055,43721670.0,53163249.0,418.91
r7-0056,166015610.0,202459500.0,638.3
r7-0057,87589349.0,106035940.0,589.25
r7-0058,129945693.0,144827694.0,814.05
r7-0059,33648756.0,38931181.0,361.9
r7-0060,242164958.0,286534375.0,1021.27
r7-0061,341808311.0,402431567.0,1829.94
r7-0062,333800716.0,413542769.0,1766.81
r7-0063,167120292.0,204167321.0,832.94
r7-0064,321870296.0,380025595.0,1763.07
r7-0065,66394833.0,92870663.0,711.43
r7-0066,45215078.0,66940829.0,598.05
r7-0067,4759610.0,8903790.0,270.1
r7-0068,84985506.0,105339796.0,589.59
r7-0069,122114275.0,144382765.0,598.64
r7-0070,34613756.0,54274782.0,558.49
r7-0071,511277641.0,612148249.0,2574.12
r7-0072,126640002.0,159319199.0,620.94
r7-0073,64169803.0,80348130.0,525.41
r7-0074,33506601.0,42618191.0,424.98
r7-0075,64440296.0,77880553.0,539.02
r7-0076,4791501.0,8376792.0,302.28
r7-0077,43728746.0,55905836.0,469.23
r7-0078,64978304.0,86626229.0,410.31
r7-0079,331003649.0,405608584.0,1524.8
r7-0080,415065099.0,596739932.0,1695.59
r7-0081,158474493.0,197103207.0,838.61
r7-0082,129950094.0,154545704.0,847.15
r7-0083,257062636.0,316897481.0,1438.14
r7-0084,84966874.0,101885856.0,505.08
r7-0085,4779022.0,10250802.0,295.01
r7-0086,165721735.0,200404052.0,806.0
r7-0087,172321917.0,244087716.0,991.98
r7-0088,330837318.0,395092783.0,1649.63
r7-0089,162172610.0,200075725.0,707.97
r7-0090,341807389.0,393602971.0,1987.0
r7-0091,239399105.0,297560532.0,1051.75
r7-0092,4834263.0,10985134.0,280.86
r7-0093,438624086.0,601222884.0,2125.14
r7-0094,33648557.0,49167698.0,465.31
r7-0095,44301252.0,68104651.0,555.92
r7-0096,85700747.0,126876391.0,664.67
r7-0097,224673279.0,298148425.0,863.04
r7-0098,257060763.0,307779459.0,1210.22
r7-0099,165951670.0,201913902.0,736.71
r7-0100,4766118.0,9319588.0,306.66
r7-0101,4787396.0,9179060.0,289.26
r7-0102,511281770.0,584266258.0,1889.05
r7-0103,406698438.0,509781162.0,1799.6
r7-0104,221183686.0,270308245.0,887.83
r7-0105,167158134.0,198532741.0,688.9
r7-0106,209898921.0,262755168.0,864.84
r7-0107,44280593.0,53497174.0,373.82
r7-0108,122197712.0,147251195.0,670.92
r7-0109,33658272.0,44373605.0,421.85
r7-0110,511280749.0,597821764.0,2323.52
r7-0111,426935610.0,515021750.0,1484.7
r7-0112,388241007.0,485625180.0,1525.24
r7-0113,306477304.0,366577235.0,1258.01
r7-0114,4824573.0,9611885.0,286.21
r7-0115,245656427.0,310651497.0,1260.63
r7-0116,125263378.0,155395594.0,715.13
r7-0117,125307706.0,168200886.0,820.36
r7-0118,64436862.0,77081572.0,483.6
r7-0119,121899572.0,154637247.0,554.71
